lng,lat
13.635046199999978,52.34555530000016
13.381738099999927,52.53564480000026
13.277797400000033,52.50726870000035
13.278013300000033,52.507494400000354
13.278382100000034,52.50735980000035
13.278165400000034,52.50713520000035
13.531993,52.428098500000075
13.34609560000002,52.50835379999987
13.346281300000019,52.508336599999865
13.34634350000002,52.50858869999986
13.34681570000002,52.508551199999864
13.34684550000002,52.50867389999986
13.34620240000002,52.50877119999986
13.371462499999998,52.505515700000096
13.371648399999998,52.505726500000094
13.371456299999998,52.505767900000095
13.371338999999999,52.5056721000001
13.371164799999999,52.5058633000001
13.3710621,52.5056819000001
13.276835499999995,52.491823200000056
13.276311699999995,52.491862600000054
13.186129199999986,52.53285450000004
13.30286549999994,52.51355079999993
13.363679600000012,52.54359649999991
13.364272399999976,52.54372249999985
13.297147799999989,52.45522899999987
13.29817449999999,52.455652499999864
13.29801889999999,52.45578889999987
13.29699339999999,52.45536779999987
13.3565162,52.54677219999972
13.370729900000017,52.54166330000003
13.350898000000004,52.50692820000003
13.351572100000004,52.50664180000003
13.351596000000004,52.506215100000034
13.350728600000004,52.506583600000035
13.375461099999978,52.49797930000003
13.375550899999977,52.498014200000036
13.375505099999977,52.497931500000035
13.103039699999988,52.40505490000001
13.103436899999988,52.40506450000001
13.103046599999988,52.40494890000001
13.103443799999988,52.404958500000006
13.10397269999999,52.40500790000001
13.10438249999999,52.40501120000001
13.103970399999989,52.40511250000001
13.104380299999988,52.40511660000001
13.104068499999988,52.40490880000001
13.104294699999988,52.404910400000006
13.104139999999989,52.40487600000001
13.10422259999999,52.40487620000001
13.104621399999989,52.40501290000001
13.104622999999988,52.40491170000001
13.103783699999987,52.40490510000001
13.103780799999987,52.40500620000001
13.104102699999986,52.40488740000001
13.104269599999986,52.40489250000001
13.104899099999985,52.40516860000001
13.105176599999984,52.40517240000001
13.104903699999984,52.40504350000001
13.105181199999983,52.405047300000014
13.101802799999982,52.404942300000016
13.101810899999982,52.40490670000002
13.101529099999983,52.40490650000002
13.101538199999982,52.40443980000002
13.101800099999982,52.40444170000002
13.101802299999983,52.40425190000002
13.102020499999984,52.40449470000002
13.101893299999984,52.40457710000002
13.101985199999984,52.40458130000002
13.101929899999984,52.40498880000002
13.347806500000011,52.542871100000035
13.347838400000011,52.54272080000003
13.346822900000012,52.54233620000003
13.346805000000012,52.54242520000003
13.346710800000013,52.54241920000003
13.346693100000012,52.542511800000035
13.346788500000011,52.54251880000003
13.346745300000011,52.542731900000035
13.346725100000011,52.542823700000035
13.346718400000011,52.542857200000036
13.34686930000001,52.54286850000003
13.34688950000001,52.54277300000003
13.34761010000001,52.54282720000003
13.34760330000001,52.54285570000003
13.34678240000001,52.542333100000036
13.346831900000009,52.54209450000003
13.347912500000009,52.54232780000003
13.347901700000008,52.54224030000003
13.347802900000008,52.542718000000036
13.347868300000009,52.54239700000004
13.34791030000001,52.542195700000036
13.348013000000009,52.54187730000003
13.346875200000008,52.54209780000003
13.34695750000001,52.54170500000003
13.34804450000001,52.541727200000025
13.34783340000001,52.541740500000024
13.34783870000001,52.54171120000002
13.34713360000001,52.54158950000002
13.34711780000001,52.54168350000002
13.34697890000001,52.54157810000002
13.346886400000011,52.541605300000015
13.346858900000012,52.54169750000001
13.34697330000001,52.54161090000001
13.347976900000011,52.541875100000006
13.34679810000001,52.542001400000004
13.34689160000001,52.542008200000005
13.34681590000001,52.541909200000006
13.34691260000001,52.5419162
13.635091599999996,52.3450817999999
13.631863899999974,52.34527459999988
13.633699599999975,52.34609169999988
13.634054099999975,52.34537029999988
13.632699399999975,52.344571199999876
13.633371499999974,52.344702499999876
13.633792799999974,52.34478739999987
13.633950499999974,52.34449859999987
13.632467799999974,52.345884499999876
13.633904399999974,52.345670399999875
13.632663399999974,52.345429699999876
13.345300999999985,52.5448125999999
13.345459299999986,52.5446928999999
13.345306399999986,52.5446175999999
13.345147399999986,52.544736999999905
13.365472500000019,52.54368780000009
13.635261900000028,52.34474999999989
13.533409299999994,52.42729470000005
13.401782499999998,52.52953039999983
13.299514399999955,52.45810400000031
13.298730199999955,52.45797750000031
13.299390299999954,52.45827090000031
13.298663599999955,52.45814460000031
13.298896299999955,52.45817210000031
13.298328499999954,52.45841910000031
13.298526199999953,52.458506200000315
13.298857499999952,52.458232100000316
13.298833899999952,52.45822090000031
13.314283899999964,52.52607270000031
13.385854699999964,52.54168430000031
13.384523299999964,52.54252440000031
13.213972199999954,52.43526050000025
13.214093699999955,52.43532380000025
13.213991099999955,52.43539700000025
13.214029699999955,52.43541720000025
13.213971399999956,52.435458700000254
13.213809599999955,52.435373100000255
13.32453299999997,52.53147120000029
13.382297099999956,52.52000160000028
13.382390199999957,52.520194800000276
13.382281099999958,52.52021310000028
13.382245799999957,52.52012620000028
13.382004799999956,52.52005530000028
13.381916999999957,52.52006780000028
13.381882699999958,52.519871800000274
13.53488289999995,52.428170300000275
13.53535339999995,52.427849300000275
13.534817799999951,52.42755820000028
13.534347999999952,52.42787950000028
13.396110199999981,52.50872540000005
13.395853799999982,52.50867360000005
13.388608199999965,52.51217459999994
13.382360600000016,52.520132299999936
13.427720900000022,52.50924649999998
13.427357500000022,52.50874669999998
13.427902100000022,52.50832509999998
13.428317600000023,52.50889429999998
13.310584400000023,52.509011000000136
13.327819800000013,52.52050500000015
13.3896381,52.51083870000001
13.606002600000009,52.538683999999954
13.60700740000001,52.53876089999996
13.607053400000009,52.53853839999996
13.60688000000001,52.53852519999996
13.60685590000001,52.53864159999996
13.60619520000001,52.53859099999996
13.606249500000011,52.53832839999996
13.60607890000001,52.538315299999965
13.60650600000001,52.53872249999996
13.388077800000014,52.500040999999975
13.388638300000014,52.49973259999997
13.388832700000007,52.50744850000002
13.35283020000001,52.508018199999945
13.35212620000001,52.508135399999944
13.32132640000001,52.489464899999916
13.352333999999997,52.50937590000001
13.352425899999997,52.50901430000001
13.352823099999997,52.50905170000001
13.352731099999996,52.509413900000006
13.352640999999997,52.509405400000006
13.352614299999997,52.50951080000001
13.352504999999997,52.50950050000001
13.352531899999997,52.509394500000006
13.358527700000012,52.53446839999985
13.370959699999997,52.541799900000036
13.279484999999992,52.51561959999993
13.279915899999992,52.51561359999993
13.279972499999992,52.51526929999993
13.280643099999992,52.51531009999993
13.280534799999991,52.51604329999993
13.28051089999999,52.51606869999993
13.280428999999991,52.516565899999925
13.28020959999999,52.51656269999992
13.28030079999999,52.51615869999992
13.28001559999999,52.51614099999992
13.27999899999999,52.51624189999992
13.27980289999999,52.51622999999992
13.27984819999999,52.51581879999992
13.279888299999989,52.51582129999992
13.279898299999989,52.51576039999992
13.27946619999999,52.51573399999992
13.35256119999999,52.50950579999991
13.35159149999999,52.506411399999905
13.534778200000046,52.42758439999984
13.355800600000007,52.47192739999994
13.502574899999994,52.498500699999965
13.457366299999965,52.53214819999986
13.565626099999971,52.45652939999991
13.48798970000003,52.5175508
13.48829920000003,52.5171925
13.396522300000024,52.51949079999992
13.375330700000015,52.52777479999999
13.389247900000019,52.52192370000001
13.38910280000002,52.52154610000001
13.38866950000002,52.52186480000001
13.38901740000002,52.52188140000001
13.38870510000004,52.52159820000001
13.38930180000004,52.521556700000005
13.39428760000002,52.51395880000007
13.344418300000005,52.50211829999996
13.468217299999981,52.510287600000055
13.44755299999999,52.52381560000011
13.387754100000006,52.500356500000095
13.387908700000006,52.50039010000009
13.388624000000004,52.49962490000008
13.388612900000004,52.499602100000075
13.388601600000003,52.49959800000008
13.388582600000003,52.49959620000008
13.388569700000003,52.49959880000008
13.388603000000003,52.50003150000008
13.388330000000003,52.50048150000008
13.388543500000003,52.500530000000076
13.276960099999998,52.49160750000005
13.307337400000211,52.53091699999997
13.391897899999984,52.4640014999999
13.391914099999983,52.4641012999999
13.392151499999983,52.46408699999991
13.391727899999983,52.46402279999991
13.392150299999983,52.46419329999991
13.391762199999983,52.46423389999991
13.37631830000002,52.542084099999954
13.376237000000017,52.542082799999946
13.379257500000055,52.52889259999988
13.379497200000054,52.52873289999987
13.379287500000057,52.52871959999986
13.632529199999988,52.344537699999904
13.358693200000001,52.57459760000001
13.346631400000051,52.542816600000144
13.346649000000049,52.54272490000014
13.335076899999976,52.60319949999996
13.533332300000009,52.43510959999978
13.390508600000041,52.523192800000096
13.401395600000045,52.52214640000008
13.413977700000071,52.50300200000008
13.396591300000074,52.5065841000002
13.396788200000074,52.5070085000002
13.396388300000071,52.50658870000018
13.39620720000007,52.50684960000018
13.396382200000067,52.506712700000165
13.39618750000007,52.506974100000164
13.39680640000007,52.506879900000165
13.39658750000007,52.50671040000017
13.396561600000071,52.50686840000018
13.39635580000007,52.50685750000018
13.39651510000007,52.506992900000185
13.407925999999986,52.517422000000074
13.277265799999988,52.49106669999971
13.346628400000004,52.50869359999999
13.346350400000004,52.50875759999999
13.346508800000004,52.50870509999999
13.346514200000003,52.50874199999999
13.292485300000017,52.49970640000001
13.121417200000039,52.394416800000286
13.12115510000004,52.394637300000284
13.121231400000042,52.39439500000029
13.121340900000042,52.39465900000028
13.388564000000043,52.50034189999992
13.387902200000044,52.500211699999916
13.276967899999981,52.49159380000018
13.276443499999981,52.49075290000018
13.27712139999998,52.49065000000018
13.276540199999982,52.49136160000018
13.275849599999981,52.491137500000185
13.275826499999981,52.49171850000018
13.276551999999981,52.49104970000018
13.27649999999998,52.491271800000185
13.276452899999981,52.491189200000186
13.276626099999982,52.49144490000018
13.276762899999982,52.49151840000018
13.207175799999977,52.546674000000245
13.119890000000003,52.397578700000004
13.120003800000003,52.397655099999994
13.38111439999993,52.52776290000004
13.292730299999942,52.461912099999914
13.292690899999942,52.46180919999992
13.292768699999945,52.46197979999993
13.292927199999959,52.461833199999866
13.292971699999958,52.461826799999876
13.292977999999943,52.46196529999982
13.29270819999994,52.46198839999984
13.29301669999994,52.461944399999844
13.292774299999945,52.46199429999984
13.292906299999945,52.46177859999985
13.292681599999936,52.46191899999984
13.292972399999936,52.46195069999982
13.298900699999928,52.458006799999794
13.298452899999926,52.458298299999804
13.299067699999926,52.45820179999981
13.293528299999927,52.449118399999804
13.294140999999927,52.4490420999998
13.293399899999926,52.44923289999979
13.293627199999921,52.4489738999998
13.294013899999921,52.44913539999982
13.294128299999922,52.4490367999998
13.293883999999924,52.44909519999981
13.293396299999925,52.4491998999998
13.298415399999925,52.458328499999794
13.293808399999927,52.44906359999976
13.298428799999927,52.45833619999976
13.293898399999927,52.449271799999764
13.294028899999924,52.449141699999764
13.293423999999922,52.44921149999975
13.299227999999921,52.45823149999975
13.29929419999992,52.458089199999755
13.294010099999914,52.448882099999764
13.298977599999912,52.45820309999977
13.293872499999996,52.449261000000014
13.299299499999995,52.45807890000001
13.298985499999993,52.45818810000001
13.293499499999994,52.44914400000001
13.294127099999992,52.44893440000002
13.293478399999993,52.449135100000035
13.293913999999992,52.448967500000045
13.298468199999993,52.45830420000006
13.293768599999991,52.449387200000054
13.298896699999991,52.45801680000005
13.294173899999988,52.448996300000054
13.299059999999987,52.45821700000007
13.293723899999987,52.44888800000007
13.293752499999984,52.449212100000075
13.299224299999983,52.45824190000007
13.29865239999998,52.45814320000007
13.294094699999981,52.44896320000007
13.186553700000019,52.53377520000003
13.38566880000003,52.52347209999991
13.385935300000028,52.52330299999992
13.385903900000033,52.523372299999934
13.385627800000034,52.52342429999994
13.385940000000035,52.52339409999995
13.385780200000035,52.523250299999944
13.3692503,52.48026880000009
13.354726699999961,52.54190299999979
13.354842399999994,52.5419276
13.284436099999994,52.58744550000001
13.4088045,52.4886634
13.389828000000014,52.49630490000009
13.363270600000009,52.54367970000003
13.363425000000005,52.54359120000004
13.363417700000001,52.54358640000005
13.3635341,52.543494400000064
13.363568400000002,52.54351620000007
13.363414800000003,52.54356310000008
13.363561700000009,52.54352020000008
13.36339380000001,52.543758600000075
13.327403999999998,52.474579900000144
13.327155599999998,52.47469820000014
13.327470799999997,52.474476000000145
13.327258699999996,52.47448140000015
13.327331999999995,52.474586800000154
13.53204460000006,52.42807149999995
13.53342550000005,52.42731229999993
13.53401560000005,52.427101399999934
13.53391130000005,52.42704579999993
13.533827100000034,52.42716840000019
13.533533900000034,52.42724090000019
13.532143600000031,52.428025300000186
13.533424600000032,52.42730900000019
13.533961400000033,52.42707250000019
13.53357380000002,52.42726510000016
13.53379560000002,52.42713670000016
13.298079500000014,52.45573730000004
13.298113600000015,52.455703600000035
13.298210700000014,52.45574750000004
13.378093700000004,52.54216549999995
13.427879300000008,52.47903160000001
13.245035700000015,52.42787670000011
13.244984000000015,52.427935800000114
13.245320100000015,52.42796960000011
13.244827000000015,52.42811660000011
13.244728900000014,52.42822890000011
13.244787100000014,52.42824790000011
13.245012500000014,52.42832150000011
13.426900700000008,52.53379069999992
13.355898200000063,52.5029583000006
13.308717900000024,52.57845230000018
13.371526300000133,52.50552880000068
13.305301699999964,52.487530100000754
13.3839511,52.530060400000075
13.385209400000006,52.52653070000008
13.385772099999997,52.52348890000007
13.5332774,52.43490479999998
13.533135199999998,52.43499619999997
13.533169899999999,52.43501629999997
13.533297799999998,52.43508959999997
13.532919799999998,52.43517699999997
13.533047199999999,52.43525069999997
13.5340958,52.43537829999997
13.533954099999997,52.43546929999997
13.53314329999998,52.426641599999975
13.53224189999998,52.42669719999998
13.53317109999998,52.42680929999998
13.532269699999977,52.426864899999984
13.533849799999977,52.42708529999999
13.533866299999977,52.42709649999999
13.533826399999974,52.427124899999995
13.533930199999974,52.427127999999996
13.533956699999973,52.427141299999995
13.533424699999973,52.427285299999994
13.533428299999972,52.427288
13.533446299999971,52.427304799999995
13.53345269999997,52.42731099999999
13.530864499999968,52.42744360000001
13.531059799999968,52.427454300000015
13.530817099999968,52.42747520000002
13.531109099999968,52.42748190000002
13.531152099999968,52.42760260000001
13.531103799999967,52.4276349
13.39390669999996,52.51357470000008
13.39420529999996,52.51359190000008
13.53711689999996,52.42973940000009
13.426886200000004,52.50808680000026
13.427678400000003,52.50774960000026
13.427996100000003,52.50819690000026
13.427291500000003,52.508657500000254
13.486095000000008,52.517731100000326
13.487973000000007,52.51754880000033
13.416576699999998,52.51553260000052
13.531849400000006,52.427806000000444
13.531922900000005,52.42788800000044
13.532018700000005,52.42796150000044
13.347898499999985,52.54234000000002
13.425213399999976,52.52870840000014
13.445984800000005,52.50061950000003
13.553667200000021,52.44299730000029
13.553355000000021,52.443133200000304
13.55362220000002,52.44316890000031
13.553472500000018,52.44323400000031
13.554014900000018,52.443295600000305
13.553852300000015,52.44336640000032
13.415650399999983,52.51232550000012
13.427050099999983,52.54817590000012
13.375296599999933,52.50792190000094
13.423896500000005,52.489662300000035
13.401779399999999,52.52211670000008
13.397824800000004,52.5172781000001
13.395702200000004,52.5199235000001
13.395675400000004,52.5199472000001
13.399325400000004,52.52271320000009
13.401642699999982,52.52145870000008
13.365417000000006,52.49620659999998
13.279842299999986,52.51585450000006
13.279864499999986,52.515855900000055
13.425069099999948,52.52890070000008
13.326409199999977,52.531926200000065
13.298251400000046,52.45571350000028
13.298362400000046,52.45578730000028
13.298131600000046,52.45581720000028
13.298158400000046,52.45583000000028
13.298420600000046,52.45586650000028
13.298205300000046,52.45587120000028
13.298230900000046,52.45595770000028
13.298432300000046,52.45597870000028
13.298200700000047,52.45601810000028
13.298143000000048,52.45606580000028
13.298391100000048,52.45606710000028
13.298066700000048,52.45609550000028
13.297834300000048,52.45609100000028
13.297979000000048,52.45610860000028
13.298226800000048,52.456185600000275
13.298128100000048,52.45623950000027
13.297751500000048,52.45622970000027
13.297923500000048,52.45625600000027
13.298176800000048,52.45577730000027
13.45029750000005,52.50841260000017
13.298443300000052,52.423066800000186
13.384380700000039,52.485108700000396
13.383792100000038,52.4851119000004
13.383793500000037,52.4852095000004
13.384310400000034,52.485230100000415
13.384255700000034,52.48523040000042
13.383927000000034,52.485233200000415
13.383869300000034,52.48523350000042
13.384255800000034,52.48523730000042
13.383927100000033,52.48523910000042
13.383869500000033,52.48524630000042
13.383889600000034,52.48524620000042
13.383794500000034,52.485274500000415
13.383890100000034,52.48528090000041
13.383870000000034,52.48528100000041
13.384383300000033,52.485286100000415
13.384311200000033,52.48528650000041
13.383794700000033,52.485291000000416
13.383870200000032,52.48529060000042
13.384380800000045,52.485117900000496
13.384382400000044,52.4852262000005
13.42719950000004,52.48485150000037
13.311442600000017,52.51216520000044
13.432459300000005,52.49054770000005
13.383779500000005,52.53171500000038
13.35135860000004,52.497582100000784
13.371340000000046,52.505544800000756
13.371357200000046,52.50556070000076
13.371190700000048,52.505610300000754
13.371205100000047,52.505622600000756
13.371219200000048,52.505722300000755
13.371275900000047,52.50582060000075
13.12167509999998,52.39534960000047
13.12181349999998,52.39535990000047
13.121798199999981,52.39543720000048
13.42587190000002,52.53246000000012
13.360319699999987,52.550449999999906
13.391529999999975,52.51108829999993
13.378585899999978,52.52296850000044
13.379208699999978,52.52291130000044
13.44074659999997,52.51312910000054
13.381454200000002,52.535849199999966
13.381358200000003,52.53586169999996
13.381597300000003,52.535888699999965
13.381430000000003,52.53588149999997
13.485148900000047,52.51166599999996
13.393089300000032,52.43314660000065
13.393332600000031,52.433170400000655
13.392494200000028,52.43324710000065
13.39287500000003,52.43328180000066
13.393171700000032,52.43330900000066
13.39214900000003,52.43331380000067
13.39240220000003,52.43336990000067
13.393292400000028,52.43331940000067
13.392113000000032,52.43346100000066
13.392129900000032,52.43346220000066
13.392228000000033,52.433492300000665
13.392823000000034,52.43349680000067
13.392366700000034,52.43350650000067
13.392117600000034,52.433510500000665
13.392221100000034,52.43352000000066
13.393116700000034,52.433525100000665
13.361668800000032,52.48850790000066
13.327330299999966,52.47458840000021
13.411478100000037,52.45659230000059
13.391797700000009,52.464007500000314
13.391799500000008,52.464018500000314
13.392161300000009,52.46414720000032
13.392143000000008,52.46414830000032
13.391866700000007,52.464210400000326
13.391869400000006,52.464227400000325
13.364556300000022,52.549238700000345
13.417578499999971,52.50047560000027
13.36543119999999,52.551959200000034
13.272155000000021,52.456331600000624
13.381876099999968,52.51998350000041
13.382291399999968,52.519989500000406
13.382267299999969,52.520181500000405
13.382271699999968,52.520181500000405
13.385182599999972,52.53183649999998
13.359020899999994,52.489491600000456
13.332901499999993,52.51166170000045
13.37985209999997,52.5366336000004
13.37753629999997,52.5365524000004
13.342932599999997,52.5237442999998
13.363536699999996,52.543677599999775
13.412376799999995,52.56312909999978
13.529462699999948,52.45631260000078
13.204834199999944,52.53806320000078
13.423033600000018,52.47534430000026
13.121665900000067,52.39539630000025
13.121739400000068,52.39540170000025
13.121684800000068,52.39540620000025
13.121737700000068,52.395410100000255
13.121902800000067,52.39544490000025
13.121669900000066,52.39548170000025
13.121892300000066,52.395498200000254
13.379481099999973,52.52882549999988
13.379474799999972,52.528825699999885
13.379471699999971,52.52885029999989
13.379504899999972,52.52885239999989
13.379495299999974,52.52890659999989
13.410855300000021,52.52950399999995
13.316375200000012,52.50088920000004
13.393771600000008,52.5416664000002
13.385343299999981,52.513520600000604
13.385283799999982,52.53174090000063
13.635179899999986,52.34493610000006
13.635049099999991,52.345524100000056
13.346330299999996,52.484752799999995
13.381048600000002,52.49841420000014
13.324640499999964,52.51215090000057
13.31670850000002,52.512940600000476
13.427597399999986,52.50793600000018
13.427141199999985,52.50813080000018
13.427673399999986,52.50832240000018
13.427374699999985,52.508452700000184
13.427761199999985,52.50844350000018
13.427469099999986,52.508584700000185
13.427887599999986,52.50860890000018
13.427458799999986,52.50870070000018
13.427431699999985,52.50871380000018
13.427528499999985,52.50867210000018
13.427563399999984,52.50872310000018
13.428139499999984,52.50896250000018
13.428181399999984,52.50897480000018
13.427864199999984,52.509122800000185
13.427875699999984,52.509191400000184
13.427463199999982,52.50857230000018
13.454467000000001,52.50363560000134
13.393202199999934,52.515772100001115
13.393812999999962,52.51175640000121
13.314100899999996,52.52672200000001
13.32140299999999,52.49809200000026
13.325060900000004,52.50906159999999
13.399894999999976,52.51310090000041
13.434789499999967,52.50164110000053
13.34246139999996,52.5185841000006
13.334843699999952,52.44406180000063
13.334787299999952,52.444144100000635
13.271484899999953,52.48635350000061
13.301338400000015,52.506617400000046
13.358343199999949,52.45029150000148
13.35818059999995,52.45032210000148
13.358164599999949,52.450324900001476
13.35838169999995,52.45036750000146
13.35833539999995,52.45037610000146
13.35835649999995,52.45039450000147
13.35834559999995,52.450396500001474
13.35822089999995,52.45039810000147
13.35820359999995,52.450401300001474
13.35823099999995,52.45041810000147
13.358173199999952,52.45042890000147
13.357907999999952,52.450455500001475
13.358012699999952,52.45045890000147
13.357955699999952,52.45046960000147
13.357881099999952,52.45048350000147
13.357825499999953,52.45049390000146
13.357558999999952,52.45052060000146
13.357659799999952,52.45052550000146
13.357606299999953,52.45053540000146
13.357533399999953,52.45054910000146
13.357482399999954,52.45055860000146
13.357212999999954,52.45058470000146
13.357317399999953,52.450588800001455
13.357263799999954,52.45059880000146
13.357183999999954,52.450613800001456
13.357133099999954,52.45062320000146
13.358499999999955,52.45068000000146
13.358546999999955,52.450691200001465
13.358307799999956,52.450696600001464
13.358522599999956,52.45070480000147
13.358147299999956,52.45072660000147
13.358330599999956,52.45074060000147
13.357960899999958,52.45076330000147
13.358169699999959,52.45077100000147
13.35779489999996,52.45079430000147
13.357946399999959,52.45080590000147
13.357979999999959,52.45080650000147
13.358365499999957,52.450810100001476
13.357848199999957,52.45082490000148
13.357618199999957,52.45082880000148
13.358204099999957,52.45083930000148
13.357829899999958,52.45084510000148
13.357453499999957,52.45085960000148
13.357259299999956,52.45087340000148
13.357608599999956,52.45087540000148
13.357614199999956,52.45088640000148
13.357124999999956,52.45089180000148
13.357506299999956,52.45089500000148
13.357511999999957,52.45090610000148
13.357163499999958,52.45092350000149
13.357289499999958,52.45093170000148
13.357328399999957,52.45094130000148
13.357196299999957,52.45094420000148
13.365230499999965,52.54433650000184
13.373046499999946,52.505131000001164
13.101342300000077,52.403777200000526
13.101226900000077,52.40396700000053
13.101184000000078,52.40380170000053
13.101817200000077,52.40496560000053
13.101564900000078,52.40394570000053
13.101586400000079,52.40378700000053
13.10136640000008,52.40404880000053
13.10141740000008,52.40405540000053
13.10145490000008,52.40405210000053
13.10161050000008,52.40383940000053
13.10148980000008,52.40403900000053
13.10181380000008,52.40497740000053
13.10156220000008,52.40377230000053
13.10181350000008,52.404953200000534
13.101141100000081,52.403818100000535
13.101133100000082,52.40388350000053
13.10160510000008,52.40380830000053
13.10112230000008,52.403857400000526
13.10151390000008,52.40376570000053
13.10112500000008,52.40383770000052
13.427449900000115,52.50784380000113
13.426983100000115,52.508045200001135
13.36563700000002,52.543881600000255
13.418098000000006,52.55065719999997
13.401154000000044,52.4136973000002
13.459588999999974,52.51148119999991
13.349034499999991,52.52195539999984
13.452584700000013,52.50932980000015
13.384548000000008,52.49735140000013
13.334742599999936,52.44403610000042
13.334686299999936,52.444118500000414
13.32394949999997,52.52376089999928
13.32305379999997,52.52378829999928
13.186354300000007,52.532722100000036
13.197904500000053,52.505525799999944
13.419539200000045,52.53243339999987
13.383134200000054,52.504077000000045
13.481723599999997,52.51456740000023
13.186728099999986,52.532700700000504
13.186481199999985,52.53282140000051
13.186461099999985,52.532822400000505
13.186221699999985,52.53283600000051
13.186431399999986,52.53284460000051
13.186468999999986,52.5329180000005
13.18610269999999,52.53273650000053
13.186483199999993,52.53283430000056
13.186241599999992,52.53283490000056
13.186223599999993,52.53284890000056
13.186275599999993,52.53293350000056
13.186753499999993,52.53281880000057
13.186279899999994,52.532854400000566
13.186455099999993,52.532854400000566
13.186433799999993,52.532856200000566
13.186282399999993,52.53286570000058
13.186261299999991,52.53286750000058
13.40885130000004,52.516018900000354
13.392727400000048,52.43316780000039
13.392212200000044,52.43331970000042
13.39259720000004,52.43315470000048
13.392300800000044,52.43332860000043
13.392512300000046,52.43314690000041
13.392815600000047,52.43317600000041
13.392813300000046,52.43318360000041
13.393073100000047,52.43320730000041
13.392599400000048,52.43314580000042
13.392729900000047,52.433157800000416
13.392293100000046,52.43335940000043
13.430420300000002,52.479138800001415
13.429612800000001,52.51879950000038
13.424314000000006,52.512290999999756
13.424012300000006,52.51252439999976
13.423866800000006,52.51258629999976
13.424251900000009,52.51243909999977
13.424163200000017,52.512341999999755
13.424402600000017,52.51238809999976
13.423911500000015,52.512436499999765
13.423766000000017,52.51249829999976
13.428272500000032,52.508921599999844
13.427879700000032,52.509151999999844
13.42785980000004,52.50916639999985
13.428287400000041,52.50894689999987
13.42815850000004,52.50898939999987
13.427766100000039,52.50921989999987
13.429973700000057,52.48200340000174
13.405656399999978,52.56955230000049
13.427782499999942,52.50816780000224
13.427775799999942,52.50817860000224
13.415508099999938,52.51195140000223
13.415470599999939,52.511861600002234
13.327608699999931,52.510857400002294
13.163408200000017,52.463598300000136
13.564904000000004,52.502075200000014
13.410437099999939,52.5363450000022
13.384815300000081,52.48471700000008
13.365701500000021,52.54384530000011
13.365582000000021,52.543912500000104
13.36576250000002,52.544031700000104
13.363435400000014,52.543576200000984
13.363673600000014,52.543592600000984
13.378891800000002,52.458348600000356
13.202162500000057,52.427789300003056
13.202458600000057,52.42787420000305
13.201906800000055,52.42803150000308
13.201900100000055,52.428037300003076
13.202191400000002,52.4278132
13.202206600000002,52.4278166
13.202223400000001,52.4278229
13.2022419,52.4278266
13.2022402,52.427832800000004
13.202290200000002,52.427841900000004
13.202080400000007,52.4278013
13.202318800000008,52.4278413
13.202324200000007,52.4278487
13.202402000000006,52.428045399999995
13.202156500000012,52.427789400000044
13.202168600000011,52.427790000000044
13.20215050000001,52.42779020000005
13.202427200000011,52.42785940000005
13.20219020000002,52.42780220000016
13.20190170000002,52.42803510000017
13.20189910000002,52.428042000000175
13.20190300000002,52.42804850000018
13.202557100000018,52.42807660000018
13.201900900000018,52.42809430000018
13.201939700000018,52.42810090000018
13.20234550000002,52.428150400000185
13.202179400000011,52.42779330000024
13.202139800000012,52.42779380000024
13.202059100000008,52.42785040000026
13.201899700000007,52.42804430000027
13.201901000000007,52.42804650000027
13.201905600000007,52.42805020000027
13.201917600000007,52.42805120000027
13.20213550000002,52.42779640000032
13.202132100000021,52.42779950000032
13.202046900000022,52.42780030000032
13.202129600000022,52.42780290000032
13.202191700000022,52.42780580000032
13.202423100000022,52.42786710000032
13.202451500000022,52.42788740000032
13.20217430000002,52.42779130000036
13.20214490000002,52.427791700000355
13.20195000000002,52.427992400000356
13.20197950000002,52.427998300000354
13.201917400000019,52.42802880000035
13.201913600000019,52.42802940000035
13.202110600000022,52.427798400000405
13.202187600000022,52.4277988000004
13.202073200000022,52.427805600000404
13.202203100000022,52.427826400000406
13.202247900000021,52.42783390000041
13.20229910000002,52.42783710000041
13.202331500000021,52.42784010000041
13.20228250000002,52.42784030000041
13.20202380000002,52.42784330000041
13.20195450000002,52.42806530000041
13.20224400000002,52.42812360000041
13.202240900000021,52.42812940000041
13.20218390000002,52.42779580000043
13.20210550000002,52.427807600000435
13.202192100000019,52.427809500000436
13.202211500000018,52.42782800000044
13.202257800000018,52.42782910000044
13.202278600000017,52.42783350000044
13.202638700000016,52.42792510000048
13.201910000000014,52.42803020000048
13.201928200000014,52.428031200000476
13.201904000000013,52.42803320000048
13.201899200000014,52.428039600000474
13.536535200000003,52.41874490000004
13.536541100000003,52.41874800000004
13.536537100000002,52.418748700000044
13.536469900000002,52.41875460000004
13.536472200000002,52.41876000000004
13.536387300000001,52.41877520000005
13.536547799999996,52.4191047000001
13.536723999999994,52.419121000000096
13.536541499999995,52.419146400000095
13.536425799999995,52.4192941000001
13.536550199999994,52.41933100000011
13.376578899999988,52.52659270000199
13.349706499999998,52.4893683000012
13.365772600000026,52.554035400000146
13.338411699999982,52.55670110000128
13.33847019999998,52.55673890000127
13.338190899999983,52.55682210000127
13.33825199999998,52.55686080000128
13.437998999999985,52.54325040000092
13.317485899999998,52.511362400001154
13.317703699999996,52.511428500001145
13.317415999999994,52.51144950000115
13.317403099999995,52.51146610000115
13.317474099999995,52.51148800000115
13.317416599999994,52.51152080000115
13.317441699999994,52.511528400001154
13.317356399999994,52.51159580000116
13.317409599999994,52.51161180000116
13.317455299999995,52.51162560000116
13.317525899999996,52.51164690000115
13.317363899999997,52.511668200001154
13.317409599999996,52.51168200000115
13.494003399999976,52.50247320000158
13.30703719999998,52.53045550000163
13.30749729999998,52.53051780000163
13.30689689999998,52.53080580000163
13.30687949999998,52.53084920000163
13.39095419999998,52.507841300001516
13.393448800000089,52.513448800001875
13.401942800000093,52.50986520000186
13.402125300000094,52.50991930000186
13.40205430000009,52.51000850000185
13.40219790000009,52.51005140000185
13.401963800000088,52.51012200000185
13.401711500000086,52.510159600001856
13.402110000000086,52.510164900001854
13.401891800000085,52.51021240000185
13.393466300000094,52.51334560000194
13.394208400000094,52.51339050000194
13.394194100000092,52.513484100001946
13.394189900000093,52.51350990000195
13.394216200000093,52.51351190000195
13.393434500000092,52.513546800001954
13.26195210000005,52.48648320000154
13.26152970000005,52.48654180000155
13.26211740000005,52.48657610000154
13.26212190000005,52.48657650000154
13.26182640000005,52.48657970000154
13.26183020000005,52.48657980000154
13.26188660000005,52.48658430000154
13.26188210000005,52.48661590000154
13.26195400000005,52.48672210000153
13.262062200000049,52.48673630000153
13.261853100000053,52.486474900001596
13.261631200000052,52.4864793000016
13.26197390000005,52.4864851000016
13.261821000000051,52.486495700001605
13.261825300000051,52.4864985000016
13.261847600000051,52.4865004000016
13.262095800000049,52.486577100001604
13.262116600000049,52.486578900001604
13.261829500000049,52.4865818000016
13.26182310000005,52.486613000001604
13.261526800000052,52.48653860000161
13.261775900000051,52.48657580000161
13.261825900000051,52.486581500001606
13.262123600000054,52.486638600001605
13.261942500000055,52.48647560000163
13.261596500000055,52.48655130000163
13.261589800000054,52.48655310000163
13.261778600000055,52.48656410000163
13.261864900000054,52.48661130000163
13.261679299999981,52.486237500000264
13.262211099999982,52.48635600000028
13.262165099999981,52.486397400000286
13.262201599999981,52.48640020000028
13.261867499999985,52.48646900000032
13.261881099999984,52.48671580000032
13.261841999999984,52.486717400000316
13.262105199999983,52.48673390000032
13.261749399999987,52.48624740000035
13.262025799999986,52.48626160000036
13.262191599999984,52.48627750000038
13.262173899999985,52.48635300000038
13.262083699999984,52.48662980000043
13.261802299999983,52.48670890000043
13.261915799999985,52.48672380000044
13.262027399999987,52.48672820000044
13.261988499999987,52.48673000000044
13.376303899999948,52.54248430000026
13.376428999999947,52.542423400000246
13.376459999999943,52.542086300000214
13.376543399999942,52.54208790000021
13.376552299999942,52.54214540000021
13.376178499999945,52.542545400000215
13.376035699999944,52.54261490000022
13.376439399999944,52.54208610000024
13.388713700000016,52.521524400000324
13.388725500000016,52.521525100000325
13.389022800000015,52.521542100000325
13.389101900000016,52.52156180000033
13.388976600000019,52.52187910000035
13.389056700000019,52.52188410000035
13.388976400000018,52.52189610000035
13.389053400000018,52.52190430000035
13.451307100000045,52.534462100001655
13.451484300000047,52.53452530000166
13.453338000000045,52.53473860000165
13.453874500000046,52.53493110000166
13.450785800000048,52.534994800001655
13.450967500000049,52.535059900001656
13.454711199999991,52.53441410000059
13.454899799999987,52.53448000000059
13.454893999999987,52.53448610000059
13.454911699999988,52.5344929000006
13.454794799999984,52.53458660000062
13.454876299999983,52.534616800000634
13.454865799999986,52.53462750000064
13.456049099999984,52.534911700000684
13.454120199999982,52.53501620000071
13.455941599999981,52.53502270000071
13.45430759999998,52.53508080000073
13.37988039999996,52.4532534000001
13.455934199999978,52.529015000000165
13.415884399999989,52.50439290000013
13.526718499999966,52.50873950000115
13.211557400000018,52.58554230000046
13.211605900000018,52.58555870000046
13.211596500000018,52.58556480000046
13.21151600000002,52.58556890000046
13.21162440000002,52.58556930000046
13.211614900000018,52.58557530000046
13.211624600000018,52.58558090000046
13.211366900000018,52.58558440000046
13.211462100000018,52.58558900000045
13.211583200000018,52.58560750000046
13.211360700000018,52.585632300000455
13.211455800000017,52.58563690000045
13.437582100000002,52.50057320000075
13.521111999999999,52.505525300001715
13.521567499999996,52.505620800001715
13.521045399999991,52.50564010000172
13.52154539999999,52.50565910000173
13.521601499999996,52.50567130000172
13.521597499999993,52.50568050000174
13.521670299999991,52.505695600001765
13.521662799999989,52.505708500001774
13.521677199999989,52.50571150000177
13.52147059999999,52.50573020000178
13.52143119999999,52.50576130000178
13.521449799999989,52.505765100001774
13.52083409999999,52.50574930000177
13.52102289999999,52.505791000001764
13.521625599999988,52.50580280000177
13.521642699999987,52.50580680000177
13.521229299999986,52.50583530000178
13.521213399999988,52.50586320000178
13.521245599999988,52.50587520000178
13.521276099999987,52.50588170000178
13.521266099999988,52.50589830000178
13.521343599999986,52.50591480000178
13.520834699999982,52.505928100001796
13.52116959999998,52.505940200001795
13.52069409999998,52.5059873000018
13.52093199999998,52.5059472000018
13.52131279999998,52.505968800001796
13.521534499999978,52.505971700001794
13.521546099999977,52.505974100001794
13.521141299999975,52.505990100001796
13.521519799999973,52.5059990000018
13.521532199999973,52.5060014000018
13.521224599999975,52.50612350000183
13.521436099999974,52.50616860000182
13.347163799999988,52.497679800002366
13.327402100000015,52.47458170000016
13.327030400000012,52.474623100000166
13.382414400000023,52.53079460000122
13.34406210000001,52.525039200001174
13.452740699999932,52.46825120000154
13.448274899999998,52.47410860000013
13.278729999999996,52.44818330000179
13.44529130000003,52.49263830000022
13.445366200000029,52.49258870000022
13.51596180000009,52.44588550000059
13.450225300000096,52.53199910000086
13.127076299999993,52.39238070000015
13.366912000000003,52.4849247000005
13.287224400000019,52.46305480000283
13.28713780000002,52.46305860000283
13.28700130000002,52.46306590000284
13.286915100000021,52.46306980000284
13.287147200000016,52.4631201000029
13.287010700000016,52.4631265000029
13.287244400000013,52.46319230000293
13.287114900000013,52.46319890000293
13.287067900000013,52.46320130000293
13.286935400000013,52.46320810000292
13.287116300000013,52.46320870000292
13.287069000000015,52.46321170000293
13.287104400000015,52.46321740000293
13.287081100000014,52.46321870000293
13.380293900000026,52.49746570000095
13.410527400000037,52.503073100000975
13.410591000000037,52.503054300000976
13.410633100000037,52.50310690000097
13.410569500000037,52.50312580000097
13.392948500000003,52.49946709999995
13.376382100000004,52.48605969999994
13.323530800000018,52.45467019999998
13.40049970000002,52.57512270000054
13.40072970000002,52.57517170000054
13.40038810000002,52.57532310000054
13.40061660000002,52.575368800000554
13.423833100000012,52.5068417
13.333839499999995,52.49839320000006
13.410609499999985,52.5067034000003
13.439405300000018,52.48113440000001
13.43941600000002,52.48109850000001
13.357876400000018,52.48700230000066
13.373985699999995,52.55411500000156
13.243956199999996,52.52088020000158
13.316293999999997,52.45004530000156
13.320742799999998,52.45154530000157
13.316952699999998,52.450260300001574
13.316311900000011,52.45002480000225
13.316271200000012,52.45007140000225
13.316485100000012,52.450081400002254
13.31646600000001,52.45010220000226
13.316374800000013,52.450207400002284
13.317012900000009,52.450252600002294
13.316994000000012,52.45027370000229
13.317118600000015,52.45028770000229
13.316848900000014,52.450359600002315
13.316917200000015,52.45036310000231
13.316923000000015,52.45036660000231
13.316833100000014,52.45037970000232
13.317026100000016,52.450391800002336
13.316887800000016,52.450397700002334
13.317020100000017,52.45039810000233
13.315978200000016,52.45040730000233
13.316149500000016,52.45046330000234
13.42518420000001,52.51668920000256
13.384268199999998,52.48510930000102
13.384178499999997,52.48510980000102
13.384123799999998,52.48511010000102
13.384092699999998,52.485110300001026
13.384061399999998,52.48511040000103
13.384006799999998,52.48511070000103
13.383911699999999,52.48511120000103
13.383792899999998,52.48516720000104
13.384382499999994,52.48522980000104
13.383793899999993,52.48523390000104
13.384310499999993,52.485237000001035
13.384151799999993,52.48523790000104
13.384125699999993,52.48523800000104
13.384091899999992,52.48523820000104
13.384094999999993,52.48523820000104
13.384098199999993,52.48523820000104
13.384063199999993,52.485238400001045
13.384038199999992,52.485238500001046
13.296110699999993,52.51448100000135
13.119741599999987,52.395302600000484
13.534993499999954,52.42855340000199
13.535051299999955,52.42858460000199
13.535042499999955,52.42859090000199
13.535066299999954,52.42859310000199
13.535057599999954,52.42859900000199
13.535104599999954,52.42861360000199
13.535089899999955,52.428623800001986
13.535150099999955,52.42866980000199
13.535174099999955,52.42867050000199
13.535197599999954,52.42867360000199
13.535219699999955,52.42867930000199
13.535239499999955,52.428687600001986
13.535256399999955,52.42869800000199
13.535269699999954,52.42871020000199
13.535278999999955,52.42872380000199
13.535283799999954,52.428738100001986
13.535284099999954,52.42875280000199
13.534687099999955,52.42876450000199
13.535279699999954,52.42876720000199
13.535270899999954,52.42878090000199
13.535053299999953,52.42878640000199
13.535257999999953,52.428793300001985
13.534744799999952,52.42879610000198
13.535067899999952,52.42879800000198
13.535023999999952,52.42880030000198
13.535241499999952,52.42880390000199
13.535085799999951,52.42880780000199
13.535038699999951,52.428811700001994
13.535221899999952,52.428812400001995
13.535106399999952,52.42881530000199
13.535200099999953,52.428818500001995
13.535128999999953,52.428820300001995
13.535176699999953,52.42882190000199
13.535152699999953,52.42882250000199
13.534692699999953,52.42883220000199
13.534989099999953,52.42883630000199
13.534997599999954,52.42884060000199
13.534743099999954,52.42884440000199
13.534730799999954,52.42885290000199
13.534873799999954,52.42891550000199
13.365961800000008,52.497427800000075
13.449289300000007,52.49042250000006
13.358788400000007,52.48703210000006
13.442596900000009,52.470630600000064
13.457016900000008,52.50822800000029
13.531029799999992,52.42753600000011
13.532118799999992,52.42801620000011
13.348773599999989,52.49052880000111
13.34792199999997,52.4993897000012
13.364170999999978,52.49993580000109
13.364200499999978,52.499978100001094
13.36412899999998,52.49999220000111
13.36413229999998,52.49999610000111
13.363929299999981,52.499996300001115
13.364068799999982,52.50000850000113
13.363844899999984,52.50001740000114
13.364096999999983,52.500029200001144
13.364089399999983,52.500031100001145
13.363908099999978,52.500066900001165
13.36363909999998,52.50007020000116
13.364298799999984,52.500088200001166
13.364218399999984,52.50008920000116
13.36416259999998,52.50010640000118
13.36423549999998,52.50010990000118
13.363687899999979,52.500130100001186
13.364326099999978,52.50013240000119
13.364115799999976,52.500199800001226
13.364002899999978,52.50023590000124
13.363784999999977,52.50024450000124
13.363824599999978,52.500292600001245
13.353614600000013,52.50188950000214
13.387650199999987,52.496582500001686
13.39013840000003,52.496095500001786
13.390180900000031,52.49610570000179
13.38982850000003,52.49613000000179
13.38983130000003,52.496137600001795
13.389767100000029,52.49613930000179
13.38977890000003,52.4961714000018
13.38972910000003,52.4961782000018
13.390068600000031,52.4962137000018
13.390089900000032,52.4962196000018
13.38994240000003,52.4962313000018
13.38980480000003,52.496250400001806
13.38975830000003,52.49625680000181
13.39035190000003,52.49626010000181
13.38996150000003,52.496284100001816
13.390183500000031,52.49630010000181
13.39017720000003,52.496302800001814
13.39017950000003,52.49632490000182
13.39018460000003,52.496329100001816
13.39018050000003,52.49632950000181
13.415449700000112,52.5118968000023
13.385131199999963,52.540928400000546
13.36014589999998,52.49355150000003
13.412067499999994,52.54412890000003
13.353176399999981,52.413121600000004
13.517218299999994,52.46148070000225
13.518837799999993,52.46152800000225
13.48795539999999,52.51722710000017
13.488028999999997,52.51740380000017
13.487994699999998,52.517406700000166
13.4880617,52.51754250000018
13.487808099999997,52.51756760000019
13.487770899999997,52.5175711000002
13.485815399999996,52.51775440000027
13.485832900000002,52.51781370000027
13.488560500000002,52.51806530000036
13.488608599999997,52.518314300000455
13.488060199999996,52.518347100000476
13.487734799999998,52.51835870000049
13.48601,52.518410400000505
13.37806289999998,52.48193080000082
13.39175019999998,52.46415990000081
13.384714000000033,52.52602250000274
13.38822630000001,52.514799300000305
13.4050618,52.5238581000005
13.27216550000004,52.4564275
13.289263500000017,52.429509300002145
13.289242400000015,52.42951460000215
13.289227800000017,52.42952370000216
13.289218400000014,52.429534500002156
13.288710000000014,52.430296400002604
13.288712300000016,52.43031330000262
13.288727600000016,52.43032320000261
13.288759600000015,52.43033170000261
13.289529400000026,52.430529500002656
13.386130999999985,52.540725600001146
13.383838299999985,52.54236370000115
13.383896899999984,52.542415200001145
13.385189799999983,52.540985100001144
13.385544799999984,52.54053550000114
13.385440599999983,52.540509700001145
13.385253299999983,52.540519900001144
13.384899799999983,52.54100900000115
13.384899799999983,52.54098130000115
13.385128499999983,52.54089520000115
13.384899799999983,52.54095850000115
13.384901799999984,52.540948900001155
13.531759699999984,52.42756860000115
13.531316599999984,52.42771380000115
13.620382299999985,52.376178700001134
13.53175819999998,52.42763680000021
13.531870499999979,52.42782960000021
13.531750199999978,52.42790870000021
13.532009799999978,52.42806970000021
13.531779599999977,52.42770630000021
13.531640999999977,52.42772690000021
13.531720199999977,52.42781390000021
13.531798799999978,52.42788410000021
13.321790899999959,52.519337700000435
13.32181969999996,52.519327900000434
13.322581899999957,52.45342440000044
13.39451879999996,52.455552400000485
13.378352399999905,52.55814950000078
13.330459800000021,52.466358400000324
13.384865700000015,52.52649870000035
13.34277000000002,52.48862060000036
13.329737699999976,52.508162299999974
13.411227899999927,52.529329800000106
13.345169399999989,52.54565190000124
13.345229399999988,52.545612700001236
13.329938399999977,52.46604660000073
13.304100299999977,52.51333270000073
13.205047199999976,52.53778880000073
13.350790999999976,52.550860900000735
13.576158199999977,52.454264700000735
13.364998,52.54335470000113
13.365136199999998,52.54345220000112
13.370726599999994,52.54167430000004
13.371020999999995,52.54169520000005
13.371019799999996,52.54169940000005
13.370755399999997,52.54176870000006
13.370936999999996,52.541788900000064
13.370691499999996,52.54179170000006
13.370932999999996,52.54179690000006
13.370748299999995,52.54179800000006
13.370989099999996,52.541803300000055
13.375708699999985,52.54207410000019
13.375869099999976,52.54207680000024
13.375901199999976,52.54207730000024
13.376550599999977,52.542117400000244
13.376565099999974,52.54235710000026
13.262092499999982,52.48659130000088
13.375693799999995,52.542351400000236
13.385936799999966,52.523706400000954
13.381765999999969,52.535607400001005
13.38155519999997,52.53556740000101
13.36399389999995,52.50016860000133
13.385960999999932,52.52337990000152
13.385962299999933,52.52338080000152
13.385958899999933,52.523381200001516
13.385936299999932,52.52339330000152
13.385629799999933,52.52341710000153
13.385626699999932,52.52343150000153
13.385627599999932,52.52343870000153
13.38563039999993,52.52344560000153
13.38563509999993,52.52345230000153
13.385641499999931,52.52345830000153
13.38564939999993,52.52346360000153
13.385658699999933,52.52346810000153
13.385889199999932,52.52349440000154
13.385892199999931,52.52349500000154
13.385843099999931,52.52349830000154
13.385842199999932,52.523500300001544
13.385884599999931,52.52350500000154
13.384964499999933,52.52610630000155
13.357495500000011,52.540796900000764
13.274095900000022,52.574157800000066
13.361545999999972,52.496019200000276
13.204661299999964,52.54188010000022
13.444198199999951,52.51641280000026
13.377506599999998,52.50707680000022
13.58921620000002,52.51268270000201
13.346794600000019,52.54220990000205
13.347918200000018,52.54229810000204
13.104247500000005,52.40488290000001
13.104181400000005,52.404872200000014
13.104084300000006,52.40489690000001
13.397320500000077,52.56598600000037
13.520287700000027,52.505812200000584
13.389811699999994,52.50899180000002
13.38553169999999,52.52365640000006
13.411280399999988,52.50177660000005
13.357368699999903,52.50726880000031
13.358736599999903,52.50809850000031
13.331073099999902,52.52816800000029
13.603799900000007,52.53903690000004
13.395690300000007,52.51306440000005
13.402382600000012,52.510522600000144
13.330446099999987,52.4927945000003
13.324242799999992,52.531979600000376
13.346255900000026,52.532229700000336
13.118909799999965,52.453147700000414
13.520387300000015,52.527753000000075
13.33038210000001,52.485208400000054
13.43634550000003,52.500336699999956
13.4585697,52.512763699999915
13.460271,52.507790299999925
13.367068499999984,52.52548879999999
13.412459199999985,52.52146520000004
13.42101359999996,52.50067480000003
13.399449199999996,52.52631710000006
13.388491699999998,52.526518200000055
13.375591699999998,52.52497770000006
13.375760699999997,52.52523310000006
13.4432759,52.49668620000006
13.509354699999989,52.50841410000002
13.45134019999998,52.53467429999996
13.280251700000006,52.48589379999988
13.24668340000001,52.431422499999705
13.382936300000067,52.52386549999982
13.389080599999964,52.52318010000001
13.298167399999963,52.4557276
13.298130199999964,52.4557584
13.264361899999965,52.40210290000002
13.104069699999975,52.40511329999999
13.104287999999976,52.40511579999999
13.104069299999976,52.40512869999999
13.104287499999977,52.40513119999999
13.103693599999982,52.404956899999995
13.103698399999981,52.404972699999995
13.103711199999982,52.404986799999996
13.103754199999981,52.405004399999996
13.103730299999981,52.404997699999996
13.10375469999998,52.4049067
13.10369699999998,52.404941
13.10370939999998,52.4049258
13.10372939999998,52.404913900000004
13.104647599999979,52.40500960000001
13.104671699999978,52.405000900000005
13.104689699999978,52.4049879
13.10469949999998,52.404972
13.104700199999979,52.4049549
13.104689499999978,52.4049365
13.104674599999978,52.4049252
13.104651199999978,52.4049158
13.39427329999998,52.541105
13.4395976,52.49787419999998
13.35525739999999,52.54466210000013
13.359692699999995,52.5533166
13.356618399999975,52.49041390000011
13.356778599999975,52.490375500000106
13.356766699999975,52.4903570000001
13.356606499999975,52.490395500000105
13.40000530000003,52.386513299999976
13.389760300000034,52.508175799999904
13.38008360000006,52.52465839999996
13.378815000000058,52.532485399999956
13.392669600000085,52.51930939999991
13.302834199999978,52.5163606
13.39903849999998,52.5684408
13.403135399999998,52.56917779999999
13.429403200000007,52.544699400000006
13.44131460000001,52.483303899999996
13.535855100000017,52.433509
13.46235910000003,52.56418159999992
13.374027300000046,52.554107599999895
13.407488800000044,52.52977499999988
13.377486600000024,52.504690899999915
13.243862399999974,52.52087700000015
13.244540899999961,52.42802320000021
13.244698699999962,52.42784260000021
13.286737699999978,52.42605780000015
13.286803199999978,52.42596590000015
13.287064099999979,52.42603510000015
13.28699859999998,52.42612690000015
13.38594390000003,52.51717180000007
13.380354900000013,52.55340320000012
13.425171999999995,52.51034790000004
13.247263999999998,52.53733840000006
13.586186900000001,52.5425467000001
13.33539739999999,52.52762080000006
13.439689000000001,52.47833960000014
13.398110099999972,52.52930610000013
13.384233699999992,52.52674660000025
13.333120999999997,52.457343700000266
13.425673800000032,52.528551599999886
13.4209585,52.49670819999995
13.339522200000037,52.52553479999978
13.170274399999986,52.53322499999996
13.434807899999969,52.536353300000194
13.377880899999985,52.516921100000275
13.464957799999992,52.506601799999906
13.265626399999995,52.43428530000003
13.409658599999998,52.51514250000016
13.426048999999976,52.4730552999999
13.324038499999988,52.509977199999945
13.427816199999961,52.496932299999955
13.439139899999962,52.49715879999999
13.365369999999961,52.54361729999997
13.36496409999996,52.54333079999997
13.39924769999995,52.525053399999976
13.385833199999947,52.526187299999975
13.385784599999948,52.526379999999975
13.385259699999947,52.52633099999998
13.481763999999947,52.57905299999991
13.431113099999978,52.48347
13.640958999999986,52.34632829999994
13.640949199999985,52.34634649999994
13.431830000000003,52.47901999999978
13.387740799999982,52.51394070000019
13.371820399999995,52.51083910000004
13.526678099999994,52.52650409999976
13.47494059999999,52.512339500000195
13.298532400000017,52.50990060000007
13.346806299999994,52.5085521999998
13.346840199999994,52.5086517999998
13.346473399999994,52.5085760999998
13.346476799999994,52.5085838999998
13.323776100000021,52.48722630000002
13.395245600000024,52.50384629999996
13.346794099999979,52.54227559999998
13.34678149999998,52.54227469999998
13.346806699999979,52.542150399999976
13.346820399999979,52.54215139999997
13.34674699999998,52.54264059999997
13.346754099999979,52.54260409999997
13.34677269999998,52.54260539999997
13.346764899999979,52.54264209999997
13.34717429999998,52.54279279999997
13.34717189999998,52.54280619999997
13.347321399999979,52.542816799999976
13.34732369999998,52.542804499999974
13.34787699999998,52.54235179999998
13.347895999999979,52.54235309999998
13.347900999999979,52.54232699999998
13.347923599999978,52.54226999999998
13.347913099999978,52.54226919999998
13.347918399999978,52.54224149999998
13.347548699999978,52.541719499999985
13.347550499999977,52.541706699999985
13.347398199999978,52.54169439999998
13.347395599999977,52.54170659999998
13.346876399999978,52.541605099999984
13.306008599999975,52.51901659999994
13.383667099999991,52.522308099999954
13.388553600000016,52.49961169999993
13.388531200000015,52.49960359999993
13.388622700000015,52.49960949999993
13.388651500000016,52.499625799999926
13.336037100000004,52.51176300000001
13.352746900000026,52.50783049999982
13.369590200000022,52.52552759999977
13.347187800000018,52.54168929999978
13.346935000000016,52.541810599999785
13.374143600000014,52.48520469999992
13.409904400000032,52.51515600000015
13.449435900000001,52.49901880000018
13.108917799999988,52.40461089999991
13.292777000000012,52.48141929999994
13.292742000000011,52.48114639999994
13.292601400000011,52.48115299999994
13.292635900000011,52.48142599999994
13.378252499999993,52.507411100000134
13.373145399999993,52.50638470000013
13.333803599999992,52.504643500000135
13.422143299999988,52.48527270000014
13.40156899999998,52.55300540000001
13.406869099999978,52.55282979999999
13.520387999999997,52.527726200000195
13.520387799999996,52.52777820000019
13.520548999999997,52.52800120000019
13.520387199999996,52.52800120000019
13.520388599999997,52.52750000000019
13.520555799999997,52.52750110000019
13.520555899999996,52.52752860000019
13.402437099999986,52.52545360000019
13.424799999999985,52.52948360000019
13.265615599999938,52.5364714000003
13.396034000000009,52.51265709999979
13.434372500000013,52.48037379999961
13.35302830000001,52.49057430000004
13.388611899999919,52.529384599999794
13.359684899999985,52.553595300000325
13.443901000000022,52.47562940000004
13.490734500000025,52.51500320000002
13.293450100000031,52.41513169999985
13.293395600000032,52.415101699999845
13.293492400000034,52.41515499999985
13.293520700000034,52.41513579999985
13.293391100000035,52.41506449999985
13.293362700000035,52.41508359999985
13.343906699999978,52.523262900000084
13.377566099999944,52.51876659999996
13.418780299999979,52.5297653999999
13.314825700000037,52.51088829999999
13.335928399999988,52.43271120000003
13.335515199999987,52.43294110000003
13.336181399999987,52.43288139999999
13.336016799999987,52.43277069999999
13.336035999999988,52.43276009999999
13.335986099999987,52.43272629999999
13.335966699999988,52.43273699999999
13.335767899999988,52.43311109999999
13.493291700000013,52.50421690000012
13.5207655,52.506009500000026
13.5207686,52.505896200000024
13.428501700000034,52.4806902
13.534412600000026,52.42783530000002
13.351132700000052,52.5474136000002
13.101859200000035,52.40431499999987
13.101801600000035,52.404319599999866
13.101832000000035,52.40498879999986
13.101532700000039,52.404721099999854
13.101534500000039,52.40462779999985
13.388550000000008,52.50011619999999
13.280135799999984,52.51617139999975
13.280062399999984,52.51616699999975
13.280066099999985,52.51614409999975
13.280139499999985,52.51614889999975
13.279924099999985,52.51561409999975
13.279918899999984,52.51564609999975
13.280595999999985,52.515424099999755
13.280592399999986,52.515445999999756
13.280623999999985,52.515425799999754
13.280633499999986,52.515448499999756
13.280628999999987,52.51568279999976
13.280607299999987,52.51581439999976
13.280572799999987,52.51581229999976
13.280595299999987,52.515680699999756
13.280487099999986,52.51606719999975
13.280491399999987,52.516040599999755
13.280305899999986,52.51656859999976
13.280307599999986,52.51655849999976
13.280215299999986,52.51652809999976
13.280239699999985,52.516529599999764
13.386719899999976,52.51447589999977
13.393113999999976,52.50574569999977
13.33253599999998,52.52356799999978
13.358973999999982,52.489379699999745
13.347771199999967,52.54286840000005
13.345342099999973,52.54478180000007
13.345353199999973,52.544787200000066
13.345418099999973,52.544723800000064
13.345429899999973,52.54472960000006
13.447836399999973,52.49070559999997
13.348505300000012,52.50526730000001
13.293326900000029,52.51354719999998
13.293200900000029,52.51353659999997
13.35221630000001,52.50778719999987
13.35272040000001,52.50777089999987
13.3444627,52.43468719999987
13.347537300000006,52.52099870000001
13.43651369999995,52.509302799999794
13.436164799999949,52.50899139999979
13.435934899999948,52.50908679999979
13.436283799999948,52.509398199999794
13.122708900000003,52.38831890000008
13.345416800000006,52.545546200000025
13.338537400000005,52.54215200000002
13.520786199999943,52.50587380000006
13.520768699999943,52.50586980000006
13.336249299999935,52.50397840000008
13.39627569999993,52.4949171000001
13.448420400000028,52.49076799999994
13.383616800000002,52.52254799999981
13.589669500000005,52.512802899999976
13.293617599999997,52.57926489999988
13.34668329999998,52.48457859999992
13.353744399999979,52.48305799999992
13.378117600000028,52.49230969999987
13.352327000000004,52.52481129999991
13.377367300000039,52.49218269999992
13.377253900000042,52.49212959999993
13.396982800000035,52.5126624999999
13.340486300000045,52.451001199999936
13.273672500000044,52.43937779999994
13.406688400000046,52.500491399999945
13.370869900000033,52.53360430000006
13.36326960000001,52.543573300000055
13.409903100000014,52.499879500000034
13.346713199999993,52.549556199999984
13.426828799999997,52.477049599999944
13.43420920000002,52.484396599999926
13.249534700000027,52.427695699999994
13.275156900000026,52.45956879999991
13.277355900000027,52.45929209999991
13.400536599999947,52.509604700000224
13.429236399999956,52.509790400000234
13.29535339999999,52.518857600000025
13.298693999999964,52.50987699999997
13.321400199999974,52.48955089999998
13.306717199999957,52.61676890000004
13.375023799999935,52.55903280000013
13.374993199999935,52.55901860000014
13.390973299999938,52.51984880000017
13.268259799999925,52.53437320000021
13.412585400000008,52.55234599999999
13.297372800000021,52.457252300000235
13.450057100000015,52.473985600000034
13.287598500000048,52.45252170000006
13.326155000000048,52.51024670000006
13.462158200000026,52.5301408000001
13.509394300000006,52.5058354
13.507670700000016,52.51033329999973
13.528783700000012,52.481116899999684
13.384875100000004,52.502216199999985
13.217492999999966,52.548061699999835
13.29101099999997,52.42945979999973
13.291028099999972,52.429931999999724
13.291235499999972,52.42992139999972
13.291252599999973,52.43047899999972
13.362229499999975,52.48591839999973
13.296821599999987,52.50812399999971
13.5107149,52.4561074999997
13.424982100000003,52.51073840000005
13.35650239999997,52.47305920000001
13.335897499999952,52.60348479999977
13.335564799999952,52.60295869999977
13.336154899999952,52.60323489999977
13.408932799999956,52.464570699999754
13.26829869999995,52.53448169999975
13.360006800000019,52.50561579999998
13.389465199999973,52.526027500000026
13.385851599999947,52.49962910000004
13.37553289999996,52.49793059999996
13.37550319999996,52.49793909999996
13.37553669999996,52.49793779999996
13.37558739999996,52.49795739999996
13.37559449999996,52.49797259999996
13.457420900000015,52.53209209999998
13.457356200000016,52.53206889999998
13.457301700000016,52.53212499999998
13.394632600000023,52.54067629999989
13.486434200000021,52.4228978999997
13.34962980000002,52.52993639999992
13.345391100000022,52.544758699999925
13.420689100000011,52.546246999999944
13.385339699999992,52.5263384999999
13.582070899999973,52.43930149999988
13.409174699999992,52.52304939999994
13.37350370000001,52.499036100000005
13.37346800000001,52.498884000000004
13.37327570000001,52.498903600000006
13.37330200000001,52.49902420000001
13.37348660000001,52.49927050000001
13.373448800000011,52.49912220000001
13.373247900000012,52.49911130000001
13.373280300000012,52.49925590000001
13.518499100000021,52.56737029999997
13.420354800000016,52.5441510000001
13.50803700000002,52.454335800000216
13.425400799999997,52.52875360000014
13.384141799999991,52.50365860000017
13.384175399999998,52.52285810000014
13.312759599999975,52.51141999999999
13.63450929999997,52.34458890000005
13.634331499999968,52.34456150000005
13.632455899999984,52.34452120000001
13.632293799999976,52.34535850000002
13.632633399999976,52.345423300000014
13.632433399999977,52.345385100000016
13.632355799999976,52.34537030000003
13.38413869999997,52.50359100000011
13.327280799999986,52.42991770000003
13.388037699999987,52.51095920000003
13.387926599999965,52.506379600000045
13.391470099999964,52.50232920000005
13.47010239999997,52.51437900000005
13.38277309999997,52.51313410000004
13.313783699999973,52.51174500000008
13.298028100000057,52.49182880000012
13.385198999999995,52.45340170000011
13.351171900000008,52.53447200000011
13.297951800000018,52.45610990000016
13.297922800000018,52.45610800000016
13.297879500000018,52.45610340000016
13.298023200000019,52.45610390000016
13.298102200000018,52.45608350000016
13.298172300000019,52.45604520000016
13.298217400000018,52.45599300000016
13.298229400000018,52.45592420000016
13.298219200000018,52.45589780000016
13.298307500000018,52.45574440000016
13.298395900000017,52.45582710000016
13.298431100000016,52.45590680000016
13.298436500000015,52.455941300000156
13.298420000000016,52.45601880000016
13.298352200000016,52.456109100000155
13.298315600000016,52.456137600000154
13.298269600000017,52.456165100000156
13.298244600000016,52.456204000000156
13.298221800000016,52.45621330000016
13.298173600000016,52.45622880000016
13.298074100000017,52.45624890000016
13.298021400000017,52.45625490000016
13.297975000000017,52.45625680000016
13.297880900000017,52.45625240000016
13.297835800000017,52.45624830000016
13.297790700000018,52.45624020000016
13.297725500000018,52.456224100000156
13.393984099999992,52.50768239999998
13.489322899999976,52.46554479999996
13.448290199999999,52.520282499999965
13.43607919999999,52.51055029999993
13.461760500000041,52.50273140000001
13.537255100000019,52.43317010000006
13.430106199999997,52.4790114000001
13.562978799999994,52.47472080000011
13.444299999999991,52.51465359999999
13.444275399999992,52.51468599999999
13.444250799999992,52.51471839999999
13.293486700000006,52.449269199999925
13.293482700000006,52.44927269999992
13.293487000000006,52.449283799999925
13.293531500000006,52.44930299999992
13.293552500000006,52.44930099999992
13.293555700000006,52.44929819999992
13.294117100000006,52.44890099999992
13.294059300000006,52.44887819999992
13.293819100000006,52.44905409999992
13.293424900000005,52.44917449999992
13.293431200000006,52.44917709999992
13.436180599999991,52.50027910000001
13.34552139999997,52.545432799999965
13.430811299999935,52.470060800000034
13.388304199999991,52.5503362
13.294826599999993,52.50830210000004
13.294985599999993,52.50811130000005
13.294733999999993,52.50819500000005
13.294827299999993,52.50830190000005
13.295080599999995,52.50821970000003
13.352631900000016,52.50805080000005
13.352597100000017,52.50796590000005
13.352361000000016,52.50809650000005
13.352395900000015,52.50797410000005
13.438837999999995,52.47509240000006
13.3882458,52.51728210000018
13.454970799999995,52.51546590000021
13.32580349999999,52.5250935000002
13.424132899999996,52.478574199999926
13.422143300000014,52.5006071
13.347816399999983,52.55305440000006
13.461234900000001,52.563424200000185
13.422296400000016,52.47773230000018
13.445877500000016,52.47283330000018
13.331020100000028,52.46614630000024
13.408642500000028,52.46454290000024
13.12505590000005,52.394679400000264
13.43144389999997,52.47129419999999
13.381907299999972,52.519878899999846
13.381955899999973,52.52006149999985
13.381931799999974,52.51988589999985
13.373268099999983,52.537746999999875
13.379669100000017,52.51686619999976
13.420630900000063,52.54619950000002
13.307039400000049,52.53044990000005
13.428252800000026,52.535209299999984
13.42966110000004,52.493793199999864
13.4437324,52.4759286
13.430258300000013,52.47719300000016
13.430931900000012,52.47653670000016
13.45013980000005,52.512984000000195
13.36191880000005,52.5515906000002
13.371436300000052,52.505736400000096
13.371423100000053,52.505715600000094
13.371406400000053,52.50570880000009
13.371393200000053,52.50571420000009
13.371252900000053,52.505796400000094
13.425709000000065,52.528598000000116
13.186668,52.532823699999994
13.1866428,52.53270559999999
13.327885900000012,52.51646530000014
13.36953519999999,52.529567199999995
13.343647900000025,52.52757879999994
13.430471000000026,52.479063899999986
13.38119420000002,52.505006900000005
13.378225000000022,52.5110602
13.482362399999996,52.57934079999995
13.482347899999995,52.579383799999945
13.384113899999994,52.511994099999946
13.435153899999973,52.53713419999994
13.324597499999996,52.51138920000004
13.390386299999996,52.521088900000045
13.433972600000008,52.49371980000009
13.355976599999998,52.62007940000008
13.452258599999995,52.51857190000023
13.205306799999999,52.537686100000194
13.503020400000002,52.52648459999997
13.446276599999997,52.494031299999996
13.434686199999998,52.53673019999995
13.405999199999995,52.51027509999996
13.407882900000038,52.51011709999999
13.329577699999998,52.5070922000001
13.401534,52.5207974000001
13.527818500000002,52.42813650000009
13.529257200000002,52.42713430000009
13.530559700000001,52.42783000000009
13.5297376,52.42840270000009
13.528971,52.42874010000009
13.393151699999997,52.45772350000002
13.377946099999981,52.51036459999999
13.43326599999998,52.512364599999984
13.386618899999986,52.52257459999999
13.373452599999984,52.52427919999998
13.349993299999978,52.49761979999996
13.410878899999965,52.554291700000014
13.436193899999965,52.47738210000002
13.4192319,52.54053709999998
13.297431899999992,52.456097700000036
13.415601899999961,52.54217909999995
13.414493299999965,52.54118779999994
13.416895299999968,52.541207199999896
13.423464899999976,52.54147099999993
13.424653499999977,52.54096509999994
13.392594799999998,52.51693129999999
13.36153230000002,52.50299190000005
13.356115699999956,52.49878529999981
13.379792199999956,52.53342199999994
13.163399199999956,52.42823959999993
13.379075100000014,52.53022659999996
13.41335809999999,52.51356019999995
13.500683199999994,52.4560314999999
13.330212899999976,52.47811349999993
13.414128399999997,52.51774999999978
13.414055999999997,52.51787569999978
13.412067799999997,52.513151199999776
13.311385100000008,52.45181389999999
13.32642400000001,52.47857559999996
13.332334000000005,52.46926630000002
13.391970900000004,52.5079529
13.421352999999995,52.53825340000005
13.438862299999988,52.47741890000009
13.438629099999988,52.47775020000009
13.341817899999997,52.556462300000085
13.346877200000003,52.555671200000106
13.405192600000005,52.52836230000011
13.340193600000015,52.47581160000005
13.163618800000016,52.46379330000006
13.382952400000011,52.55694650000007
13.535382300000002,52.427918100000085
13.535310200000001,52.42787890000008
13.5352627,52.42799990000008
13.5351899,52.42796030000008
13.432371000000057,52.46967060000024
13.36772470000001,52.4928903
13.415419100000008,52.49605799999987
13.53992159999999,52.52847520000009
13.300539399999964,52.493751700000125
13.396049499999995,52.49935040000005
13.381220900000017,52.560244200000156
13.432167699999992,52.478095100000075
13.34288820000001,52.4747321
13.46316140000003,52.47779750000001
13.317215299999996,52.48161079999997
13.328530899999986,52.42767760000007
13.333773300000004,52.52328590000035
13.39056770000002,52.51066249999991
13.450908000000034,52.472024199999915
13.450932700000033,52.47203529999991
13.369581400000017,52.525546500000104
13.535240700000013,52.427788
13.535229400000013,52.4279818
13.535350400000013,52.427900799999996
13.535239100000014,52.4277871
13.534467600000013,52.427944499999995
13.535120300000013,52.428647
13.534779400000012,52.4275836
13.534414600000012,52.427833899999996
13.389019600000049,52.52155870000017
13.4244175,52.51271979999972
13.453161299999993,52.53492079999979
13.453381499999992,52.53499979999979
13.453426399999993,52.53495349999979
13.453560899999992,52.53500179999979
13.453515499999993,52.53504859999979
13.453697299999993,52.53511389999979
13.213812199999985,52.43532480000016
13.213791099999986,52.43533870000016
13.213890799999986,52.435434800000166
13.213850599999985,52.43541380000017
13.213866199999984,52.43540260000017
13.213905499999983,52.435424300000165
13.213849199999983,52.43539370000016
13.213790699999983,52.43536330000016
13.213846199999983,52.43532370000016
13.213867799999983,52.435334900000164
13.373521700000024,52.55416929999993
13.320132599999988,52.482455200000175
13.346168599999986,52.47986700000013
13.450410799999975,52.5320751000002
13.447317899999975,52.5320818000002
13.450039699999975,52.5319231000002
13.33043289999996,52.49269490000002
13.329761399999953,52.49337290000001
13.346547600000015,52.48455479999985
13.317337700000019,52.47308389999987
13.38357760000001,52.522532199999944
13.438517800000039,52.48146909999992
13.315036200000003,52.44657719999981
13.4130213,52.526447800000064
13.631948899999987,52.3451614
13.38649699999999,52.51486040000002
13.315818199999976,52.46389250000006
13.526415899999986,52.40297660000015
13.119929000000019,52.397675899999946
13.119787200000019,52.39758069999995
13.119845100000019,52.39754859999995
13.119986800000019,52.39764379999995
13.120112200000019,52.39754659999995
13.120095600000019,52.39755569999995
13.120048500000019,52.397503799999946
13.120135900000019,52.397582799999945
13.12011650000002,52.397593599999944
13.12011130000002,52.397611299999944
13.12012110000002,52.397605899999945
13.12012240000002,52.39759759999995
13.120096800000018,52.397610799999946
13.120090800000018,52.39760669999995
13.120062500000017,52.39763719999995
13.120028200000018,52.39765619999995
13.120050400000018,52.39762909999995
13.120016200000018,52.397648199999956
13.119954600000018,52.39755589999996
13.120012500000017,52.39752379999996
13.119944000000018,52.39754879999996
13.634637800000005,52.34460740000001
13.632180299999998,52.344868100000014
13.632523899999999,52.34453650000002
13.6338155,52.34585080000001
13.634072200000002,52.344516600000006
13.634189900000003,52.34453390000001
13.634790600000002,52.34463630000001
13.378004600000015,52.52272910000023
13.63285009999999,52.345948599999964
13.466207200000008,52.520857699999894
13.319934899999994,52.462940299999865
13.321310499999997,52.46244639999986
13.321540699999998,52.46237499999986
13.358232299999997,52.60570269999983
13.364683099999997,52.60052539999983
13.109285899999996,52.40307729999999
13.367706299999998,52.57478990000018
13.364080099999988,52.50091290000027
13.364075999999988,52.50090470000027
13.293370999999985,52.58929129999995
13.542852599999984,52.55406049999995
13.379439399999983,52.40869779999995
13.292510499999983,52.432171499999946
13.419588899999983,52.511865099999945
13.413817300000016,52.552316799999986
13.372489200000054,52.53706209999995
13.45363960000002,52.52521099999993
13.387207400000001,52.524308800000014
13.445673599999992,52.49207909999995
13.299400499999994,52.458250799999945
13.299439699999994,52.458257499999945
13.299461199999994,52.45810699999995
13.299465799999995,52.45809629999995
13.26864769999999,52.511898000000016
13.358647899999992,52.48821880000015
13.332940599999993,52.46177599999983
13.407888699999992,52.52644059999994
13.327333199999998,52.45714279999995
13.385610100000005,52.52368900000003
13.437986599999988,52.51808240000016
13.438300399999987,52.51809130000016
13.430536199999931,52.51865650000013
13.306226699999991,52.507344199999984
13.306651100000016,52.44717030000007
13.384757999999957,52.523542000000155
13.507962000000006,52.44899039999994
13.200573300000006,52.54716499999994
13.344444100000006,52.524307899999926
13.389736299999957,52.557893100000165
13.375346399999989,52.55952529999998
13.350101,52.50438639999999
13.37326239999999,52.49908789999988
13.408049299999984,52.51553809999985
13.460902799999964,52.502874899999874
13.317382499999939,52.511644299999865
13.317428999999938,52.51165809999986
13.38721899999997,52.524253099999925
13.37717810000002,52.56039270000004
13.305768200000017,52.509010300000035
13.36175110000006,52.496413300000015
13.267916300000016,52.536918099999866
13.408855800000039,52.464641099999675
13.343708100000024,52.52511020000002
13.530979900000007,52.427507800000114
13.123102400000041,52.38717630000001
13.427189300000043,52.508513600000015
13.389749699999982,52.48763749999998
13.422395700000006,52.50331150000004
13.421989700000006,52.50313650000004
13.18254679999997,52.518659800000066
13.463085599999962,52.42489460000013
13.359655999999969,52.509116500000154
13.528649199999979,52.50920940000009
13.374456200000019,52.55579760000007
13.374983300000025,52.555229400000066
13.375010200000025,52.55519910000007
13.205327700000018,52.55576390000011
13.419632900000005,52.51184179999998
13.263638700000019,52.50088779999996
13.263762100000019,52.500677199999956
13.5381421,52.42831250000001
13.389748700000055,52.496223800000074
13.383619499999975,52.50303219999999
13.428002799999977,52.49119940000001
13.372299599999979,52.56309450000001
13.40083409999999,52.53575080000016
13.51064239999999,52.45735360000016
13.31949469999999,52.50060680000016
13.405744500000036,52.53393030000013
13.103682000000026,52.40399549999992
13.103681200000025,52.40413529999992
13.102994800000026,52.403987699999924
13.102682400000026,52.40382269999992
13.332416000000023,52.465105900000054
13.373507700000015,52.557970600000154
13.632171000000005,52.34487950000012
13.293771399999997,52.497285700000106
13.46126769999994,52.55043339999983
13.37595620000001,52.53650660000004
13.364359900000029,52.56782280000003
13.582237700000075,52.45546690000019
13.581145100000075,52.45533450000019
13.228516500000076,52.55553400000019
13.313477799999994,52.49562020000016
13.513688999999918,52.45548830000022
13.515684399999916,52.454812500000216
13.129484299999914,52.39323490000025
13.453376899999924,52.5466056000002
13.129497699999924,52.3933161000002
13.384364100000008,52.53078480000001
13.297536199999978,52.501358800000084
13.275878599999979,52.491138000000085
13.27581269999998,52.49138830000008
13.27643299999998,52.49190000000008
13.381746599999992,52.535688600000064
13.381695399999993,52.53567440000006
13.381720999999994,52.53564010000006
13.381566499999993,52.535552300000056
13.381538499999992,52.53558970000005
13.381557299999992,52.535594800000055
13.518282500000003,52.44224100000014
13.307968399999996,52.50776259999988
13.349503000000018,52.575985999999745
13.35170450000002,52.57606089999974
13.351831300000022,52.57583259999975
13.349945300000021,52.57656569999975
13.354401400000041,52.483727799999954
13.347511599999988,52.54408509999992
13.53590519999999,52.45703309999992
13.511790399999992,52.455850099999914
13.358780800000003,52.56307670000001
13.427396499999942,52.508616699999635
13.427371799999941,52.50862749999963
13.422428799999967,52.50084119999965
13.280008399999984,52.51099659999988
13.510797599999982,52.495893899999906
13.438102100000018,52.4511320999999
13.361659400000027,52.57056319999987
13.383821699999988,52.539438499999946
13.10319730000002,52.4042963999999
13.102994500000019,52.4042962999999
13.103241500000019,52.4041343999999
13.10268260000002,52.4039623999999
13.10324160000002,52.403822399999896
13.10324180000002,52.403959599999894
13.43564340000002,52.46588909999989
13.603854300000034,52.40899609999979
13.356177299999969,52.535491699999824
