lat,lon,coor
52.5343784,13.3596231,"(52.5343784, 13.3596231)"
52.4940425,13.4291868,"(52.4940425, 13.4291868)"
52.5239216,13.3888786,"(52.5239216, 13.3888786)"
52.5236239,13.3886211,"(52.5236239, 13.3886211)"
52.5206669,13.3885051,"(52.5206669, 13.3885051)"
52.5207714,13.3889021,"(52.5207714, 13.3889021)"
52.5839192,13.2860048,"(52.5839192, 13.2860048)"
52.5088651,13.2707514,"(52.5088651, 13.2707514)"
52.5417516,13.5420275,"(52.5417516, 13.5420275)"
52.4990938,13.3862714,"(52.4990938, 13.3862714)"
52.5258112,13.4011409,"(52.5258112, 13.4011409)"
52.5129109,13.4581955,"(52.5129109, 13.4581955)"
52.5258984,13.4114358,"(52.5258984, 13.4114358)"
52.5354787,13.2023117,"(52.5354787, 13.2023117)"
52.5182037,13.4399455,"(52.5182037, 13.4399455)"
52.51314,13.6120626,"(52.51314, 13.6120626)"
52.5310025,13.3415438,"(52.5310025, 13.3415438)"
52.4888821,13.4193079,"(52.4888821, 13.4193079)"
52.504397,13.3096797,"(52.504397, 13.3096797)"
52.5426359,13.3760936,"(52.5426359, 13.3760936)"
52.436796,13.2133169,"(52.436796, 13.2133169)"
52.5385009,13.2063427,"(52.5385009, 13.2063427)"
52.4986606,13.3022747,"(52.4986606, 13.3022747)"
52.4976425,13.4430035,"(52.4976425, 13.4430035)"
52.4620593,13.5121795,"(52.4620593, 13.5121795)"
52.5488199,13.4509296,"(52.5488199, 13.4509296)"
52.5142329,13.4721701,"(52.5142329, 13.4721701)"
52.5121441,13.3083771,"(52.5121441, 13.3083771)"
52.5170913,13.4782731,"(52.5170913, 13.4782731)"
52.4669397,13.3286196,"(52.4669397, 13.3286196)"
52.5354615,13.2024584,"(52.5354615, 13.2024584)"
52.5565128,13.2192364,"(52.5565128, 13.2192364)"
52.4881169,13.366735,"(52.4881169, 13.366735)"
52.5067663,13.3084282,"(52.5067663, 13.3084282)"
52.5377975,13.6041151,"(52.5377975, 13.6041151)"
52.4873738,13.3883479,"(52.4873738, 13.3883479)"
52.5156648,13.3869856,"(52.5156648, 13.3869856)"
52.5178579,13.4210525,"(52.5178579, 13.4210525)"
52.4899914,13.4101466,"(52.4899914, 13.4101466)"
52.4819661,13.4316965,"(52.4819661, 13.4316965)"
52.5364987,13.4077602,"(52.5364987, 13.4077602)"
52.5240474,13.4019658,"(52.5240474, 13.4019658)"
52.5245664,13.4018422,"(52.5245664, 13.4018422)"
52.5393931,13.4136715,"(52.5393931, 13.4136715)"
52.5243546,13.3819066,"(52.5243546, 13.3819066)"
52.5015918,13.4146103,"(52.5015918, 13.4146103)"
52.5006568,13.4169229,"(52.5006568, 13.4169229)"
52.5401363,13.4788778,"(52.5401363, 13.4788778)"
52.4863303,13.3593976,"(52.4863303, 13.3593976)"
52.4930489,13.3853593,"(52.4930489, 13.3853593)"
52.5101819,13.2889708,"(52.5101819, 13.2889708)"
52.5226914,13.3893996,"(52.5226914, 13.3893996)"
52.5803587,13.401489,"(52.5803587, 13.401489)"
52.4295254,13.4554457,"(52.4295254, 13.4554457)"
52.4015333,13.5704821,"(52.4015333, 13.5704821)"
52.487144,13.3896483,"(52.487144, 13.3896483)"
52.5166946,13.4650587,"(52.5166946, 13.4650587)"
52.5166137,13.464371,"(52.5166137, 13.464371)"
52.5202013,13.412224,"(52.5202013, 13.412224)"
52.5265708,13.3184681,"(52.5265708, 13.3184681)"
52.5525596,13.4305846,"(52.5525596, 13.4305846)"
52.4903342,13.4234006,"(52.4903342, 13.4234006)"
52.5583825,13.413048,"(52.5583825, 13.413048)"
52.4733641,13.3223214,"(52.4733641, 13.3223214)"
52.4774811,13.439406,"(52.4774811, 13.439406)"
52.4775631,13.439333,"(52.4775631, 13.439333)"
52.5391566,13.4136686,"(52.5391566, 13.4136686)"
52.5398931,13.4132909,"(52.5398931, 13.4132909)"
52.5399039,13.4136365,"(52.5399039, 13.4136365)"
52.5207515,13.447355,"(52.5207515, 13.447355)"
52.481627,13.4523191,"(52.481627, 13.4523191)"
52.5398598,13.4107279,"(52.5398598, 13.4107279)"
52.620441,13.3558874,"(52.620441, 13.3558874)"
52.4519118,13.5320915,"(52.4519118, 13.5320915)"
52.5127673,13.3892817,"(52.5127673, 13.3892817)"
52.5185239,13.3954981,"(52.5185239, 13.3954981)"
52.4608983,13.5130035,"(52.4608983, 13.5130035)"
52.5061225,13.3285705,"(52.5061225, 13.3285705)"
52.49298,13.5343392,"(52.49298, 13.5343392)"
52.5003845,13.4197383,"(52.5003845, 13.4197383)"
52.5336588,13.4008151,"(52.5336588, 13.4008151)"
52.535733,13.398065,"(52.535733, 13.398065)"
52.524042,13.402083,"(52.524042, 13.402083)"
52.5103384,13.323503,"(52.5103384, 13.323503)"
52.5232893,13.3874786,"(52.5232893, 13.3874786)"
52.435842,13.547897,"(52.435842, 13.547897)"
52.5009791,13.4657857,"(52.5009791, 13.4657857)"
52.5010314,13.4657118,"(52.5010314, 13.4657118)"
52.4477346,13.4496581,"(52.4477346, 13.4496581)"
52.4758846,13.4242092,"(52.4758846, 13.4242092)"
52.5443562,13.3273403,"(52.5443562, 13.3273403)"
52.5040614,13.4234804,"(52.5040614, 13.4234804)"
52.4787966,13.4280286,"(52.4787966, 13.4280286)"
52.4936415,13.4397016,"(52.4936415, 13.4397016)"
52.547522,13.3566625,"(52.547522, 13.3566625)"
52.5086444,13.3737448,"(52.5086444, 13.3737448)"
52.5148305,13.4907784,"(52.5148305, 13.4907784)"
52.4894386,13.3122082,"(52.4894386, 13.3122082)"
52.539387,13.3956763,"(52.539387, 13.3956763)"
52.4937535,13.3876511,"(52.4937535, 13.3876511)"
52.5279121,13.3860465,"(52.5279121, 13.3860465)"
52.5049903,13.407098,"(52.5049903, 13.407098)"
52.5139341,13.449925,"(52.5139341, 13.449925)"
52.5361682,13.6094676,"(52.5361682, 13.6094676)"
52.4986179,13.4165594,"(52.4986179, 13.4165594)"
52.5127904,13.4497773,"(52.5127904, 13.4497773)"
52.5250687,13.4025511,"(52.5250687, 13.4025511)"
52.4834225,13.4244236,"(52.4834225, 13.4244236)"
52.5012357,13.4186726,"(52.5012357, 13.4186726)"
52.5024545,13.4144913,"(52.5024545, 13.4144913)"
52.5020031,13.4213249,"(52.5020031, 13.4213249)"
52.5016868,13.420827,"(52.5016868, 13.420827)"
52.5019625,13.4185606,"(52.5019625, 13.4185606)"
52.5016984,13.4214087,"(52.5016984, 13.4214087)"
52.5010192,13.4227444,"(52.5010192, 13.4227444)"
52.4881467,13.3678205,"(52.4881467, 13.3678205)"
52.5189862,13.3959797,"(52.5189862, 13.3959797)"
52.529684,13.3965478,"(52.529684, 13.3965478)"
52.5654952,13.401433,"(52.5654952, 13.401433)"
52.4770235,13.4399161,"(52.4770235, 13.4399161)"
52.5043712,13.3374894,"(52.5043712, 13.3374894)"
52.46254,13.46926,"(52.46254, 13.46926)"
52.5095662,13.3734177,"(52.5095662, 13.3734177)"
52.5354834,13.2025072,"(52.5354834, 13.2025072)"
52.5525607,13.4307318,"(52.5525607, 13.4307318)"
52.441939,13.2974764,"(52.441939, 13.2974764)"
52.5264513,13.3882296,"(52.5264513, 13.3882296)"
52.4919181,13.3882686,"(52.4919181, 13.3882686)"
52.4641482,13.3266521,"(52.4641482, 13.3266521)"
52.4776993,13.4240706,"(52.4776993, 13.4240706)"
52.5153343,13.2924731,"(52.5153343, 13.2924731)"
52.496875,13.4078199,"(52.496875, 13.4078199)"
52.516541,13.40783,"(52.516541, 13.40783)"
52.4667595,13.3213047,"(52.4667595, 13.3213047)"
52.5430767,13.4149784,"(52.5430767, 13.4149784)"
52.5199801,13.450862,"(52.5199801, 13.450862)"
52.4911319,13.4249827,"(52.4911319, 13.4249827)"
52.4910329,13.4128111,"(52.4910329, 13.4128111)"
52.5166443,13.4508437,"(52.5166443, 13.4508437)"
52.5364431,13.2015024,"(52.5364431, 13.2015024)"
52.4992773,13.4196111,"(52.4992773, 13.4196111)"
52.4857993,13.448829,"(52.4857993, 13.448829)"
52.4868316,13.4360547,"(52.4868316, 13.4360547)"
52.5448387,13.4194785,"(52.5448387, 13.4194785)"
52.5119023,13.295502,"(52.5119023, 13.295502)"
52.4873295,13.3881082,"(52.4873295, 13.3881082)"
52.5165102,13.4774734,"(52.5165102, 13.4774734)"
52.5118136,13.4487808,"(52.5118136, 13.4487808)"
52.4919756,13.3645476,"(52.4919756, 13.3645476)"
52.5349848,13.4162235,"(52.5349848, 13.4162235)"
52.5318164,13.418434,"(52.5318164, 13.418434)"
52.497339,13.3856884,"(52.497339, 13.3856884)"
52.4985811,13.4480786,"(52.4985811, 13.4480786)"
52.5098099,13.3290202,"(52.5098099, 13.3290202)"
52.4986573,13.5026392,"(52.4986573, 13.5026392)"
52.542353,13.3593081,"(52.542353, 13.3593081)"
52.5874353,13.2766078,"(52.5874353, 13.2766078)"
52.5147567,13.444885,"(52.5147567, 13.444885)"
52.4925187,13.4162666,"(52.4925187, 13.4162666)"
52.5434945,13.3633056,"(52.5434945, 13.3633056)"
52.5583852,13.3391068,"(52.5583852, 13.3391068)"
52.4860391,13.4319584,"(52.4860391, 13.4319584)"
52.4959201,13.4261779,"(52.4959201, 13.4261779)"
52.5062673,13.3922587,"(52.5062673, 13.3922587)"
52.48842,13.4277627,"(52.48842, 13.4277627)"
52.5383336,13.2028074,"(52.5383336, 13.2028074)"
52.5072208,13.3721193,"(52.5072208, 13.3721193)"
52.4967578,13.4214048,"(52.4967578, 13.4214048)"
52.5340732,13.3259345,"(52.5340732, 13.3259345)"
52.5015972,13.3605167,"(52.5015972, 13.3605167)"
52.5016113,13.4654275,"(52.5016113, 13.4654275)"
52.524275,13.3813992,"(52.524275, 13.3813992)"
52.425368,13.4621999,"(52.425368, 13.4621999)"
52.5190141,13.3950767,"(52.5190141, 13.3950767)"
52.5134703,13.409384,"(52.5134703, 13.409384)"
52.5045518,13.4237552,"(52.5045518, 13.4237552)"
52.5514416,13.4183206,"(52.5514416, 13.4183206)"
52.5841064,13.2770771,"(52.5841064, 13.2770771)"
52.4613814,13.429655,"(52.4613814, 13.429655)"
52.5149656,13.3889262,"(52.5149656, 13.3889262)"
52.4896169,13.4275386,"(52.4896169, 13.4275386)"
52.4251253,13.3280056,"(52.4251253, 13.3280056)"
52.5392346,13.3881073,"(52.5392346, 13.3881073)"
52.538242,13.2058211,"(52.538242, 13.2058211)"
52.5260831,13.3057531,"(52.5260831, 13.3057531)"
52.5387631,13.4143624,"(52.5387631, 13.4143624)"
52.5720492,13.5024287,"(52.5720492, 13.5024287)"
52.5713652,13.5682593,"(52.5713652, 13.5682593)"
52.4941597,13.3267044,"(52.4941597, 13.3267044)"
52.470975,13.4309683,"(52.470975, 13.4309683)"
52.5033188,13.3479976,"(52.5033188, 13.3479976)"
52.4732753,13.3142609,"(52.4732753, 13.3142609)"
52.5057583,13.3936764,"(52.5057583, 13.3936764)"
52.5118751,13.4616485,"(52.5118751, 13.4616485)"
52.4899368,13.3143774,"(52.4899368, 13.3143774)"
52.4785137,13.4212269,"(52.4785137, 13.4212269)"
52.5290306,13.4302735,"(52.5290306, 13.4302735)"
52.5016098,13.381181,"(52.5016098, 13.381181)"
52.5840475,13.2771995,"(52.5840475, 13.2771995)"
52.5021388,13.3268653,"(52.5021388, 13.3268653)"
52.4732169,13.3072159,"(52.4732169, 13.3072159)"
52.5006861,13.4455523,"(52.5006861, 13.4455523)"
52.4998069,13.3550034,"(52.4998069, 13.3550034)"
52.5289007,13.4250691,"(52.5289007, 13.4250691)"
52.4374457,13.3754837,"(52.4374457, 13.3754837)"
52.5044255,13.3196567,"(52.5044255, 13.3196567)"
52.5298014,13.410003,"(52.5298014, 13.410003)"
52.5182934,13.2899708,"(52.5182934, 13.2899708)"
52.4838051,13.4295581,"(52.4838051, 13.4295581)"
52.4784535,13.4246389,"(52.4784535, 13.4246389)"
52.4948934,13.5073396,"(52.4948934, 13.5073396)"
52.5323202,13.4243514,"(52.5323202, 13.4243514)"
52.533516,13.3598282,"(52.533516, 13.3598282)"
52.5342712,13.3595034,"(52.5342712, 13.3595034)"
52.5468526,13.3666534,"(52.5468526, 13.3666534)"
52.5131291,13.4407466,"(52.5131291, 13.4407466)"
52.6014486,13.4311864,"(52.6014486, 13.4311864)"
52.5060698,13.3305818,"(52.5060698, 13.3305818)"
52.4848036,13.3912374,"(52.4848036, 13.3912374)"
52.5594987,13.3826265,"(52.5594987, 13.3826265)"
52.551674,13.3656044,"(52.551674, 13.3656044)"
52.5239299,13.3495626,"(52.5239299, 13.3495626)"
52.5525608,13.4305441,"(52.5525608, 13.4305441)"
52.5194238,13.3944978,"(52.5194238, 13.3944978)"
52.5169276,13.3236292,"(52.5169276, 13.3236292)"
52.5032468,13.4088806,"(52.5032468, 13.4088806)"
52.5205352,13.3586326,"(52.5205352, 13.3586326)"
52.4929622,13.4076175,"(52.4929622, 13.4076175)"
52.4744133,13.6000868,"(52.4744133, 13.6000868)"
52.484682,13.3200059,"(52.484682, 13.3200059)"
52.5036993,13.4566784,"(52.5036993, 13.4566784)"
52.5699319,13.3996926,"(52.5699319, 13.3996926)"
52.5524434,13.4195677,"(52.5524434, 13.4195677)"
52.5140118,13.4498748,"(52.5140118, 13.4498748)"
52.5008892,13.3163752,"(52.5008892, 13.3163752)"
52.4789837,13.3293579,"(52.4789837, 13.3293579)"
52.4772275,13.4244272,"(52.4772275, 13.4244272)"
52.5314112,13.4080249,"(52.5314112, 13.4080249)"
52.5020922,13.3249378,"(52.5020922, 13.3249378)"
52.4907694,13.379104,"(52.4907694, 13.379104)"
52.487038,13.376389,"(52.487038, 13.376389)"
52.4919065,13.352463,"(52.4919065, 13.352463)"
52.527024,13.4119171,"(52.527024, 13.4119171)"
52.4824948,13.4306601,"(52.4824948, 13.4306601)"
52.5095544,13.2993257,"(52.5095544, 13.2993257)"
52.4879104,13.375692,"(52.4879104, 13.375692)"
52.5481641,13.3670511,"(52.5481641, 13.3670511)"
52.5133026,13.307806,"(52.5133026, 13.307806)"
52.5230987,13.3171584,"(52.5230987, 13.3171584)"
52.5161677,13.4422678,"(52.5161677, 13.4422678)"
52.516288,13.4421638,"(52.516288, 13.4421638)"
52.5274809,13.334913,"(52.5274809, 13.334913)"
52.4495046,13.3384643,"(52.4495046, 13.3384643)"
52.5580892,13.3890942,"(52.5580892, 13.3890942)"
52.5560608,13.392065,"(52.5560608, 13.392065)"
52.540836,13.4389797,"(52.540836, 13.4389797)"
52.4249086,13.2050769,"(52.4249086, 13.2050769)"
52.4909736,13.4473994,"(52.4909736, 13.4473994)"
52.4772767,13.4328767,"(52.4772767, 13.4328767)"
52.4771862,13.4292067,"(52.4771862, 13.4292067)"
52.4747529,13.4351913,"(52.4747529, 13.4351913)"
52.5087036,13.4606574,"(52.5087036, 13.4606574)"
52.5036751,13.4232108,"(52.5036751, 13.4232108)"
52.5475581,13.3971983,"(52.5475581, 13.3971983)"
52.5987793,13.3440049,"(52.5987793, 13.3440049)"
52.5388603,13.205852,"(52.5388603, 13.205852)"
52.511189,13.3941846,"(52.511189, 13.3941846)"
52.5713041,13.2135616,"(52.5713041, 13.2135616)"
52.51791,13.1689045,"(52.51791, 13.1689045)"
52.4968743,13.3639711,"(52.4968743, 13.3639711)"
52.4523699,13.2894916,"(52.4523699, 13.2894916)"
52.5347035,13.4250811,"(52.5347035, 13.4250811)"
52.4781898,13.5231008,"(52.4781898, 13.5231008)"
52.5390911,13.2050154,"(52.5390911, 13.2050154)"
52.5918975,13.2835311,"(52.5918975, 13.2835311)"
52.4829447,13.3534482,"(52.4829447, 13.3534482)"
52.47268,13.2698924,"(52.47268, 13.2698924)"
52.642074,13.2888431,"(52.642074, 13.2888431)"
52.5137271,13.4120477,"(52.5137271, 13.4120477)"
52.5713501,13.3494052,"(52.5713501, 13.3494052)"
52.5400024,13.4132824,"(52.5400024, 13.4132824)"
52.5377219,13.2870543,"(52.5377219, 13.2870543)"
52.5186446,13.2879049,"(52.5186446, 13.2879049)"
52.4959594,13.3254953,"(52.4959594, 13.3254953)"
52.4934792,13.3069398,"(52.4934792, 13.3069398)"
52.4948825,13.3195254,"(52.4948825, 13.3195254)"
52.4746176,13.303721,"(52.4746176, 13.303721)"
52.4863509,13.2831037,"(52.4863509, 13.2831037)"
52.5151795,13.2939371,"(52.5151795, 13.2939371)"
52.4779147,13.4214261,"(52.4779147, 13.4214261)"
52.4986184,13.4439494,"(52.4986184, 13.4439494)"
52.4606262,13.3850392,"(52.4606262, 13.3850392)"
52.507905,13.3720688,"(52.507905, 13.3720688)"
52.487701,13.2632903,"(52.487701, 13.2632903)"
52.4997485,13.4192379,"(52.4997485, 13.4192379)"
52.5419063,13.3548544,"(52.5419063, 13.3548544)"
52.5130913,13.4647705,"(52.5130913, 13.4647705)"
52.5564102,13.2195233,"(52.5564102, 13.2195233)"
52.5617249,13.2093052,"(52.5617249, 13.2093052)"
52.5119999,13.4040307,"(52.5119999, 13.4040307)"
52.5443534,13.5583113,"(52.5443534, 13.5583113)"
52.518857,13.4581654,"(52.518857, 13.4581654)"
52.5167042,13.302854,"(52.5167042, 13.302854)"
52.5234806,13.3801493,"(52.5234806, 13.3801493)"
52.5381485,13.4193733,"(52.5381485, 13.4193733)"
52.4627479,13.3895475,"(52.4627479, 13.3895475)"
52.4418936,13.5823443,"(52.4418936, 13.5823443)"
52.4907089,13.3774412,"(52.4907089, 13.3774412)"
52.4907684,13.3777744,"(52.4907684, 13.3777744)"
52.5505948,13.4120357,"(52.5505948, 13.4120357)"
52.4131922,13.2664622,"(52.4131922, 13.2664622)"
52.500295,13.3017312,"(52.500295, 13.3017312)"
52.5030829,13.4105768,"(52.5030829, 13.4105768)"
52.4440035,13.5658705,"(52.4440035, 13.5658705)"
52.443833,13.5645953,"(52.443833, 13.5645953)"
52.443802,13.5644695,"(52.443802, 13.5644695)"
52.4376309,13.3449306,"(52.4376309, 13.3449306)"
52.5032784,13.3300767,"(52.5032784, 13.3300767)"
52.4914496,13.4461868,"(52.4914496, 13.4461868)"
52.4951179,13.361374,"(52.4951179, 13.361374)"
52.5039194,13.2939896,"(52.5039194, 13.2939896)"
52.4745685,13.3037132,"(52.4745685, 13.3037132)"
52.5571352,13.4700828,"(52.5571352, 13.4700828)"
52.5077975,13.3991863,"(52.5077975, 13.3991863)"
52.5268476,13.332332,"(52.5268476, 13.332332)"
52.4782137,13.4430391,"(52.4782137, 13.4430391)"
52.5608023,13.3729264,"(52.5608023, 13.3729264)"
52.520961,13.4382144,"(52.520961, 13.4382144)"
52.5278369,13.4642808,"(52.5278369, 13.4642808)"
52.5585816,13.3395608,"(52.5585816, 13.3395608)"
52.5021802,13.364582,"(52.5021802, 13.364582)"
52.5217046,13.38283,"(52.5217046, 13.38283)"
52.5376808,13.4176996,"(52.5376808, 13.4176996)"
52.5380506,13.4053118,"(52.5380506, 13.4053118)"
52.531674,13.411322,"(52.531674, 13.411322)"
52.5442128,13.4120632,"(52.5442128, 13.4120632)"
52.4599388,13.3644696,"(52.4599388, 13.3644696)"
52.4892273,13.4230332,"(52.4892273, 13.4230332)"
52.5236474,13.3854387,"(52.5236474, 13.3854387)"
52.5411019,13.3849172,"(52.5411019, 13.3849172)"
52.5587461,13.3787518,"(52.5587461, 13.3787518)"
52.5590419,13.3789686,"(52.5590419, 13.3789686)"
52.5591131,13.3790089,"(52.5591131, 13.3790089)"
52.4765857,13.4204865,"(52.4765857, 13.4204865)"
52.4897927,13.4222385,"(52.4897927, 13.4222385)"
52.5120184,13.5258372,"(52.5120184, 13.5258372)"
52.5120369,13.5254988,"(52.5120369, 13.5254988)"
52.4961647,13.3807856,"(52.4961647, 13.3807856)"
52.5007455,13.4182474,"(52.5007455, 13.4182474)"
52.4852882,13.4345204,"(52.4852882, 13.4345204)"
52.5520104,13.3786185,"(52.5520104, 13.3786185)"
52.5532448,13.3869215,"(52.5532448, 13.3869215)"
52.4737355,13.4490623,"(52.4737355, 13.4490623)"
52.4384747,13.2787156,"(52.4384747, 13.2787156)"
52.4132443,13.2662272,"(52.4132443, 13.2662272)"
52.5356795,13.269936,"(52.5356795, 13.269936)"
52.5131377,13.4094134,"(52.5131377, 13.4094134)"
52.523509,13.38404,"(52.523509, 13.38404)"
52.5126108,13.4508353,"(52.5126108, 13.4508353)"
52.5057161,13.4667402,"(52.5057161, 13.4667402)"
52.5270406,13.3907944,"(52.5270406, 13.3907944)"
52.5426077,13.5448531,"(52.5426077, 13.5448531)"
52.4429426,13.2292851,"(52.4429426, 13.2292851)"
52.497389,13.3945684,"(52.497389, 13.3945684)"
52.5583872,13.3384098,"(52.5583872, 13.3384098)"
52.5017766,13.4112804,"(52.5017766, 13.4112804)"
52.5038683,13.4570082,"(52.5038683, 13.4570082)"
52.5474828,13.3507614,"(52.5474828, 13.3507614)"
52.5509108,13.356108,"(52.5509108, 13.356108)"
52.5519035,13.4311632,"(52.5519035, 13.4311632)"
52.4897764,13.3933683,"(52.4897764, 13.3933683)"
52.4916439,13.2358909,"(52.4916439, 13.2358909)"
52.5258054,13.3943591,"(52.5258054, 13.3943591)"
52.5126406,13.4041633,"(52.5126406, 13.4041633)"
52.555971,13.3861355,"(52.555971, 13.3861355)"
52.5366423,13.3376494,"(52.5366423, 13.3376494)"
52.4820582,13.5251196,"(52.4820582, 13.5251196)"
52.5006748,13.4210136,"(52.5006748, 13.4210136)"
52.5210428,13.4546129,"(52.5210428, 13.4546129)"
52.466152,13.3300313,"(52.466152, 13.3300313)"
52.5289396,13.3329738,"(52.5289396, 13.3329738)"
52.5154359,13.3963671,"(52.5154359, 13.3963671)"
52.4826985,13.4419119,"(52.4826985, 13.4419119)"
52.502379,13.3499315,"(52.502379, 13.3499315)"
52.5260386,13.5727216,"(52.5260386, 13.5727216)"
52.5242203,13.4103935,"(52.5242203, 13.4103935)"
52.5023896,13.4146176,"(52.5023896, 13.4146176)"
52.5113046,13.4659668,"(52.5113046, 13.4659668)"
52.5662041,13.3965864,"(52.5662041, 13.3965864)"
52.5658369,13.400323,"(52.5658369, 13.400323)"
52.5106523,13.4157005,"(52.5106523, 13.4157005)"
52.5344522,13.3600061,"(52.5344522, 13.3600061)"
52.5419107,13.3962334,"(52.5419107, 13.3962334)"
52.5418752,13.3960799,"(52.5418752, 13.3960799)"
52.5082304,13.4961132,"(52.5082304, 13.4961132)"
52.5076794,13.4540503,"(52.5076794, 13.4540503)"
52.4716475,13.307745,"(52.4716475, 13.307745)"
52.5160728,13.2628017,"(52.5160728, 13.2628017)"
52.4983903,13.3145394,"(52.4983903, 13.3145394)"
52.4887485,13.4125069,"(52.4887485, 13.4125069)"
52.4754704,13.4465136,"(52.4754704, 13.4465136)"
52.5037183,13.4235452,"(52.5037183, 13.4235452)"
52.5473131,13.4888091,"(52.5473131, 13.4888091)"
52.5151377,13.4100789,"(52.5151377, 13.4100789)"
52.5985966,13.3388978,"(52.5985966, 13.3388978)"
52.5046646,13.4180986,"(52.5046646, 13.4180986)"
52.4490675,13.3427502,"(52.4490675, 13.3427502)"
52.5120533,13.4934572,"(52.5120533, 13.4934572)"
52.5037942,13.4097412,"(52.5037942, 13.4097412)"
52.5515969,13.3739474,"(52.5515969, 13.3739474)"
52.4916642,13.4330413,"(52.4916642, 13.4330413)"
52.4960485,13.2641351,"(52.4960485, 13.2641351)"
52.5290059,13.3911366,"(52.5290059, 13.3911366)"
52.5500389,13.4070548,"(52.5500389, 13.4070548)"
52.4835273,13.3902561,"(52.4835273, 13.3902561)"
52.5690616,13.3681683,"(52.5690616, 13.3681683)"
52.570335,13.3738857,"(52.570335, 13.3738857)"
52.5335221,13.4285707,"(52.5335221, 13.4285707)"
52.5490912,13.4040123,"(52.5490912, 13.4040123)"
52.5175993,13.4119798,"(52.5175993, 13.4119798)"
52.528111,13.392888,"(52.528111, 13.392888)"
52.5509919,13.411653,"(52.5509919, 13.411653)"
52.5524423,13.4081665,"(52.5524423, 13.4081665)"
52.499017,13.342712,"(52.499017, 13.342712)"
52.5078949,13.4538652,"(52.5078949, 13.4538652)"
52.5633588,13.3216184,"(52.5633588, 13.3216184)"
52.5247994,13.4275736,"(52.5247994, 13.4275736)"
52.632509,13.4959551,"(52.632509, 13.4959551)"
52.5223573,13.5451045,"(52.5223573, 13.5451045)"
52.476758,13.4206105,"(52.476758, 13.4206105)"
52.522594,13.3012958,"(52.522594, 13.3012958)"
52.4802185,13.2877333,"(52.4802185, 13.2877333)"
52.52495,13.4405716,"(52.52495, 13.4405716)"
52.6051674,13.3524326,"(52.6051674, 13.3524326)"
52.6045857,13.3542278,"(52.6045857, 13.3542278)"
52.498535,13.3690913,"(52.498535, 13.3690913)"
52.441977,13.5902488,"(52.441977, 13.5902488)"
52.4972103,13.4515786,"(52.4972103, 13.4515786)"
52.4972679,13.4513962,"(52.4972679, 13.4513962)"
52.5252379,13.3992795,"(52.5252379, 13.3992795)"
52.5087918,13.4602707,"(52.5087918, 13.4602707)"
52.499666,13.4475702,"(52.499666, 13.4475702)"
52.4818254,13.5265914,"(52.4818254, 13.5265914)"
52.5249538,13.4105417,"(52.5249538, 13.4105417)"
52.5442817,13.3723665,"(52.5442817, 13.3723665)"
52.6443638,13.2928884,"(52.6443638, 13.2928884)"
52.6448252,13.2928026,"(52.6448252, 13.2928026)"
52.5480931,13.4526864,"(52.5480931, 13.4526864)"
52.5524168,13.4496421,"(52.5524168, 13.4496421)"
52.5708546,13.3230836,"(52.5708546, 13.3230836)"
52.5552417,13.3834547,"(52.5552417, 13.3834547)"
52.499956,13.4096317,"(52.499956, 13.4096317)"
52.5004427,13.4057303,"(52.5004427, 13.4057303)"
52.4639097,13.3913416,"(52.4639097, 13.3913416)"
52.5043546,13.3535546,"(52.5043546, 13.3535546)"
52.5038506,13.4094024,"(52.5038506, 13.4094024)"
52.476582,13.4474539,"(52.476582, 13.4474539)"
52.4870398,13.4394954,"(52.4870398, 13.4394954)"
52.5223227,13.3789179,"(52.5223227, 13.3789179)"
52.5006835,13.4182309,"(52.5006835, 13.4182309)"
52.5487381,13.2036469,"(52.5487381, 13.2036469)"
52.509809,13.424668,"(52.509809, 13.424668)"
52.5331372,13.3397439,"(52.5331372, 13.3397439)"
52.5329708,13.4341148,"(52.5329708, 13.4341148)"
52.4810822,13.5227041,"(52.4810822, 13.5227041)"
52.4390033,13.3164483,"(52.4390033, 13.3164483)"
52.5148601,13.2939823,"(52.5148601, 13.2939823)"
52.4541455,13.3823736,"(52.4541455, 13.3823736)"
52.5538704,13.3465515,"(52.5538704, 13.3465515)"
52.5287629,13.3471287,"(52.5287629, 13.3471287)"
52.4852063,13.3746694,"(52.4852063, 13.3746694)"
52.5589455,13.3748835,"(52.5589455, 13.3748835)"
52.513759,13.4605615,"(52.513759, 13.4605615)"
52.4915522,13.4250739,"(52.4915522, 13.4250739)"
52.5016057,13.4955388,"(52.5016057, 13.4955388)"
52.4852172,13.371945,"(52.4852172, 13.371945)"
52.5577272,13.3851888,"(52.5577272, 13.3851888)"
52.5052642,13.4418072,"(52.5052642, 13.4418072)"
52.5049039,13.4431471,"(52.5049039, 13.4431471)"
52.4626347,13.5101473,"(52.4626347, 13.5101473)"
52.4990431,13.4799196,"(52.4990431, 13.4799196)"
52.5649583,13.5054952,"(52.5649583, 13.5054952)"
52.5025579,13.4914566,"(52.5025579, 13.4914566)"
52.5678034,13.386441,"(52.5678034, 13.386441)"
52.5679261,13.3859099,"(52.5679261, 13.3859099)"
52.5162878,13.4638135,"(52.5162878, 13.4638135)"
52.4621189,13.5136673,"(52.4621189, 13.5136673)"
52.5837914,13.2256736,"(52.5837914, 13.2256736)"
52.4996606,13.3925684,"(52.4996606, 13.3925684)"
52.4801013,13.4340477,"(52.4801013, 13.4340477)"
52.5324135,13.4258018,"(52.5324135, 13.4258018)"
52.5100723,13.325568,"(52.5100723, 13.325568)"
52.5686386,13.4138808,"(52.5686386, 13.4138808)"
52.5487416,13.4029014,"(52.5487416, 13.4029014)"
52.3998602,13.5339537,"(52.3998602, 13.5339537)"
52.5639275,13.3707572,"(52.5639275, 13.3707572)"
52.4634945,13.5140691,"(52.4634945, 13.5140691)"
52.5452488,13.373702,"(52.5452488, 13.373702)"
52.4452074,13.5744674,"(52.4452074, 13.5744674)"
52.5222975,13.3341304,"(52.5222975, 13.3341304)"
52.5666416,13.5193811,"(52.5666416, 13.5193811)"
52.5672837,13.5188001,"(52.5672837, 13.5188001)"
52.4555101,13.6261985,"(52.4555101, 13.6261985)"
52.417973,13.1481028,"(52.417973, 13.1481028)"
52.5028152,13.4140937,"(52.5028152, 13.4140937)"
52.4947068,13.5072642,"(52.4947068, 13.5072642)"
52.5077172,13.3120972,"(52.5077172, 13.3120972)"
52.5247664,13.3465008,"(52.5247664, 13.3465008)"
52.6202014,13.3555472,"(52.6202014, 13.3555472)"
52.5363004,13.2662454,"(52.5363004, 13.2662454)"
52.5379938,13.2655341,"(52.5379938, 13.2655341)"
52.5359596,13.2660457,"(52.5359596, 13.2660457)"
52.4953512,13.3875887,"(52.4953512, 13.3875887)"
52.5373161,13.3731613,"(52.5373161, 13.3731613)"
52.403064,13.5261918,"(52.403064, 13.5261918)"
52.5090676,13.4243386,"(52.5090676, 13.4243386)"
52.5443277,13.3683483,"(52.5443277, 13.3683483)"
52.5429588,13.4214468,"(52.5429588, 13.4214468)"
52.5221046,13.3052748,"(52.5221046, 13.3052748)"
52.4616699,13.3859486,"(52.4616699, 13.3859486)"
52.4907729,13.3873561,"(52.4907729, 13.3873561)"
52.5233952,13.4487495,"(52.5233952, 13.4487495)"
52.5184355,13.3975301,"(52.5184355, 13.3975301)"
52.4394165,13.3439617,"(52.4394165, 13.3439617)"
52.4837992,13.4272717,"(52.4837992, 13.4272717)"
52.5036639,13.424156,"(52.5036639, 13.424156)"
52.5112118,13.3857096,"(52.5112118, 13.3857096)"
52.5565355,13.3889798,"(52.5565355, 13.3889798)"
52.517968,13.2675681,"(52.517968, 13.2675681)"
52.5077791,13.425995,"(52.5077791, 13.425995)"
52.5436761,13.4971205,"(52.5436761, 13.4971205)"
52.4546904,13.5793944,"(52.4546904, 13.5793944)"
52.4157665,13.5780654,"(52.4157665, 13.5780654)"
52.5004394,13.3619362,"(52.5004394, 13.3619362)"
52.5039317,13.4241227,"(52.5039317, 13.4241227)"
52.5046593,13.2994711,"(52.5046593, 13.2994711)"
52.5312654,13.3295679,"(52.5312654, 13.3295679)"
52.512984,13.4501398,"(52.512984, 13.4501398)"
52.4876063,13.4604848,"(52.4876063, 13.4604848)"
52.5345187,13.4440503,"(52.5345187, 13.4440503)"
52.5076697,13.4263315,"(52.5076697, 13.4263315)"
52.5252003,13.3039891,"(52.5252003, 13.3039891)"
52.4900596,13.4265514,"(52.4900596, 13.4265514)"
52.4880461,13.3605147,"(52.4880461, 13.3605147)"
52.5685131,13.3802405,"(52.5685131, 13.3802405)"
52.5481925,13.3528296,"(52.5481925, 13.3528296)"
52.5111324,13.4515738,"(52.5111324, 13.4515738)"
52.4838796,13.3885778,"(52.4838796, 13.3885778)"
52.506926,13.3733397,"(52.506926, 13.3733397)"
52.4902272,13.4921575,"(52.4902272, 13.4921575)"
52.4793629,13.3501922,"(52.4793629, 13.3501922)"
52.4861692,13.3587153,"(52.4861692, 13.3587153)"
52.560748,13.3720257,"(52.560748, 13.3720257)"
52.5020688,13.3247598,"(52.5020688, 13.3247598)"
52.5517747,13.3380141,"(52.5517747, 13.3380141)"
52.5294934,13.413028,"(52.5294934, 13.413028)"
52.5376949,13.2873899,"(52.5376949, 13.2873899)"
52.4825215,13.4312409,"(52.4825215, 13.4312409)"
52.5231686,13.3337683,"(52.5231686, 13.3337683)"
52.4898934,13.4249362,"(52.4898934, 13.4249362)"
52.5431947,13.4216589,"(52.5431947, 13.4216589)"
52.5436786,13.4215681,"(52.5436786, 13.4215681)"
52.5413512,13.4225447,"(52.5413512, 13.4225447)"
52.5630183,13.3641253,"(52.5630183, 13.3641253)"
52.5770909,13.3791978,"(52.5770909, 13.3791978)"
52.5808663,13.3790828,"(52.5808663, 13.3790828)"
52.4894539,13.4071161,"(52.4894539, 13.4071161)"
52.4956849,13.2978011,"(52.4956849, 13.2978011)"
52.425731,13.3160721,"(52.425731, 13.3160721)"
52.5471323,13.3914312,"(52.5471323, 13.3914312)"
52.486245,13.367664,"(52.486245, 13.367664)"
52.4766714,13.3319721,"(52.4766714, 13.3319721)"
52.4746809,13.4168108,"(52.4746809, 13.4168108)"
52.495986,13.3253595,"(52.495986, 13.3253595)"
52.5835621,13.2842963,"(52.5835621, 13.2842963)"
52.483594,13.3503997,"(52.483594, 13.3503997)"
52.4731607,13.3276824,"(52.4731607, 13.3276824)"
52.5188774,13.4556316,"(52.5188774, 13.4556316)"
52.5722586,13.5681369,"(52.5722586, 13.5681369)"
52.5965,13.4263,"(52.5965, 13.4263)"
52.4654747,13.4731795,"(52.4654747, 13.4731795)"
52.5127376,13.4405751,"(52.5127376, 13.4405751)"
52.5602762,13.3811057,"(52.5602762, 13.3811057)"
52.5601827,13.3814558,"(52.5601827, 13.3814558)"
52.558272,13.3791555,"(52.558272, 13.3791555)"
52.3867759,13.3991464,"(52.3867759, 13.3991464)"
52.5962749,13.3532708,"(52.5962749, 13.3532708)"
52.4425525,13.5518342,"(52.4425525, 13.5518342)"
52.4891714,13.3195989,"(52.4891714, 13.3195989)"
52.4712228,13.344415,"(52.4712228, 13.344415)"
52.5043057,13.328197,"(52.5043057, 13.328197)"
52.4543759,13.4386681,"(52.4543759, 13.4386681)"
52.4287255,13.7311336,"(52.4287255, 13.7311336)"
52.5309398,13.4007065,"(52.5309398, 13.4007065)"
52.5352192,13.426213,"(52.5352192, 13.426213)"
52.4919311,13.3527278,"(52.4919311, 13.3527278)"
52.5510431,13.3878919,"(52.5510431, 13.3878919)"
52.525884,13.2779507,"(52.525884, 13.2779507)"
52.5054322,13.2993996,"(52.5054322, 13.2993996)"
52.4714973,13.4335972,"(52.4714973, 13.4335972)"
52.5574584,13.3772663,"(52.5574584, 13.3772663)"
52.5692572,13.3617898,"(52.5692572, 13.3617898)"
52.5603299,13.3872095,"(52.5603299, 13.3872095)"
52.4675716,13.3438596,"(52.4675716, 13.3438596)"
52.5492412,13.4783217,"(52.5492412, 13.4783217)"
52.4546267,13.4426478,"(52.4546267, 13.4426478)"
52.5564866,13.3936061,"(52.5564866, 13.3936061)"
52.4708331,13.3280267,"(52.4708331, 13.3280267)"
52.4996795,13.4192996,"(52.4996795, 13.4192996)"
52.5377227,13.3853056,"(52.5377227, 13.3853056)"
52.4435033,13.5022731,"(52.4435033, 13.5022731)"
52.5418528,13.3715609,"(52.5418528, 13.3715609)"
52.5451277,13.376313,"(52.5451277, 13.376313)"
52.5451956,13.3764102,"(52.5451956, 13.3764102)"
52.5101101,13.5883315,"(52.5101101, 13.5883315)"
52.494533,13.596283,"(52.494533, 13.596283)"
52.480656,13.4517262,"(52.480656, 13.4517262)"
52.4877549,13.3348935,"(52.4877549, 13.3348935)"
52.5625129,13.3771209,"(52.5625129, 13.3771209)"
52.5223801,13.1656108,"(52.5223801, 13.1656108)"
52.5032629,13.4797148,"(52.5032629, 13.4797148)"
52.5039334,13.291064,"(52.5039334, 13.291064)"
52.4875607,13.5600314,"(52.4875607, 13.5600314)"
52.5334318,13.4009767,"(52.5334318, 13.4009767)"
52.5600297,13.3820193,"(52.5600297, 13.3820193)"
52.5106061,13.2662477,"(52.5106061, 13.2662477)"
52.5155266,13.2931203,"(52.5155266, 13.2931203)"
52.5688295,13.3796246,"(52.5688295, 13.3796246)"
52.4791397,13.4376398,"(52.4791397, 13.4376398)"
52.5382911,13.4042643,"(52.5382911, 13.4042643)"
52.468068,13.4838796,"(52.468068, 13.4838796)"
52.4489904,13.507962,"(52.4489904, 13.507962)"
52.4541038,13.323433,"(52.4541038, 13.323433)"
52.4995776,13.2967202,"(52.4995776, 13.2967202)"
52.4131478,13.3278295,"(52.4131478, 13.3278295)"
52.4767638,13.4393853,"(52.4767638, 13.4393853)"
52.5253025,13.3360635,"(52.5253025, 13.3360635)"
52.4016391,13.5711448,"(52.4016391, 13.5711448)"
52.6259069,13.2808102,"(52.6259069, 13.2808102)"
52.5167178,13.302278,"(52.5167178, 13.302278)"
52.4594502,13.5236581,"(52.4594502, 13.5236581)"
52.4970287,13.4742156,"(52.4970287, 13.4742156)"
52.5961543,13.3522278,"(52.5961543, 13.3522278)"
52.4797875,13.4237468,"(52.4797875, 13.4237468)"
52.4792637,13.4225911,"(52.4792637, 13.4225911)"
52.4943455,13.3102072,"(52.4943455, 13.3102072)"
52.5262845,13.3634846,"(52.5262845, 13.3634846)"
52.4385838,13.5496155,"(52.4385838, 13.5496155)"
52.529586,13.3958605,"(52.529586, 13.3958605)"
52.4181806,13.3450612,"(52.4181806, 13.3450612)"
52.4210625,13.3451943,"(52.4210625, 13.3451943)"
52.4247883,13.4629575,"(52.4247883, 13.4629575)"
52.461291,13.5497141,"(52.461291, 13.5497141)"
52.5563924,13.3864811,"(52.5563924, 13.3864811)"
52.5565704,13.3862929,"(52.5565704, 13.3862929)"
52.6326221,13.4956403,"(52.6326221, 13.4956403)"
52.4949179,13.4304413,"(52.4949179, 13.4304413)"
52.5541733,13.3763091,"(52.5541733, 13.3763091)"
52.4213812,13.5393982,"(52.4213812, 13.5393982)"
52.6240233,13.3311044,"(52.6240233, 13.3311044)"
52.5443029,13.3724507,"(52.5443029, 13.3724507)"
52.5223707,13.4179695,"(52.5223707, 13.4179695)"
52.5407458,13.422523,"(52.5407458, 13.422523)"
52.5048895,13.3939633,"(52.5048895, 13.3939633)"
52.5331378,13.3849831,"(52.5331378, 13.3849831)"
52.5037943,13.3632319,"(52.5037943, 13.3632319)"
52.421997,13.4571925,"(52.421997, 13.4571925)"
52.572021,13.4379135,"(52.572021, 13.4379135)"
52.5477175,13.4526037,"(52.5477175, 13.4526037)"
52.5489625,13.4641748,"(52.5489625, 13.4641748)"
52.4083176,13.3504701,"(52.4083176, 13.3504701)"
52.4008871,13.3558453,"(52.4008871, 13.3558453)"
52.4772899,13.4224446,"(52.4772899, 13.4224446)"
52.5371673,13.3965688,"(52.5371673, 13.3965688)"
52.5672555,13.3864254,"(52.5672555, 13.3864254)"
52.5722961,13.3595544,"(52.5722961, 13.3595544)"
52.496866,13.3198744,"(52.496866, 13.3198744)"
52.4573559,13.5408551,"(52.4573559, 13.5408551)"
52.4956563,13.3213291,"(52.4956563, 13.3213291)"
52.5482195,13.4527266,"(52.5482195, 13.4527266)"
52.5504007,13.436534,"(52.5504007, 13.436534)"
52.4891876,13.5212576,"(52.4891876, 13.5212576)"
52.4555198,13.5135891,"(52.4555198, 13.5135891)"
52.5658782,13.3780302,"(52.5658782, 13.3780302)"
52.53339,13.4010458,"(52.53339, 13.4010458)"
52.5215293,13.4008138,"(52.5215293, 13.4008138)"
52.511724,13.318319,"(52.511724, 13.318319)"
52.4354947,13.5865727,"(52.4354947, 13.5865727)"
52.5509585,13.4120084,"(52.5509585, 13.4120084)"
52.5760277,13.3495055,"(52.5760277, 13.3495055)"
52.5448179,13.3737423,"(52.5448179, 13.3737423)"
52.4981631,13.4344313,"(52.4981631, 13.4344313)"
52.4531188,13.3299441,"(52.4531188, 13.3299441)"
52.4867661,13.4612641,"(52.4867661, 13.4612641)"
52.4950494,13.3254173,"(52.4950494, 13.3254173)"
52.565867,13.5103205,"(52.565867, 13.5103205)"
52.6211915,13.4852738,"(52.6211915, 13.4852738)"
52.5159163,13.391388,"(52.5159163, 13.391388)"
52.5676563,13.3793571,"(52.5676563, 13.3793571)"
52.4028637,13.5247327,"(52.4028637, 13.5247327)"
52.5505098,13.4423114,"(52.5505098, 13.4423114)"
52.5606977,13.3802929,"(52.5606977, 13.3802929)"
52.4914841,13.3221478,"(52.4914841, 13.3221478)"
52.588653,13.2746135,"(52.588653, 13.2746135)"
