lat,lon,kind,coor
52.4993218,13.2961178,convenience,"(52.4993218, 13.2961178)"
52.5408415,13.1474707,convenience,"(52.5408415, 13.1474707)"
52.5110467,13.4626981,convenience,"(52.5110467, 13.4626981)"
52.5092086,13.5874999,convenience,"(52.5092086, 13.5874999)"
52.4144951,13.4019812,convenience,"(52.4144951, 13.4019812)"
52.5017902,13.4165385,convenience,"(52.5017902, 13.4165385)"
52.4990942,13.3931869,convenience,"(52.4990942, 13.3931869)"
52.5083552,13.4529561,convenience,"(52.5083552, 13.4529561)"
52.5108993,13.4611651,convenience,"(52.5108993, 13.4611651)"
52.4992044,13.4635638,convenience,"(52.4992044, 13.4635638)"
52.5291171,13.4094976,convenience,"(52.5291171, 13.4094976)"
52.5376931,13.2035603,convenience,"(52.5376931, 13.2035603)"
52.3934584,13.5726195,convenience,"(52.3934584, 13.5726195)"
52.4924848,13.4175963,convenience,"(52.4924848, 13.4175963)"
52.5429183,13.376473,convenience,"(52.5429183, 13.376473)"
52.5257591,13.4519646,convenience,"(52.5257591, 13.4519646)"
52.5262878,13.4516579,convenience,"(52.5262878, 13.4516579)"
52.5231705,13.4531781,convenience,"(52.5231705, 13.4531781)"
52.5227042,13.4513021,convenience,"(52.5227042, 13.4513021)"
52.5223054,13.4509232,convenience,"(52.5223054, 13.4509232)"
52.5231896,13.4503447,convenience,"(52.5231896, 13.4503447)"
52.5267897,13.3984785,convenience,"(52.5267897, 13.3984785)"
52.5087187,13.4616129,convenience,"(52.5087187, 13.4616129)"
52.4756969,13.4247724,convenience,"(52.4756969, 13.4247724)"
52.5282633,13.3430149,convenience,"(52.5282633, 13.3430149)"
52.4550699,13.375534,convenience,"(52.4550699, 13.375534)"
52.5120271,13.4964222,convenience,"(52.5120271, 13.4964222)"
52.5117432,13.4974878,convenience,"(52.5117432, 13.4974878)"
52.4899925,13.3602113,convenience,"(52.4899925, 13.3602113)"
52.5028638,13.4543186,convenience,"(52.5028638, 13.4543186)"
52.5097543,13.4622583,convenience,"(52.5097543, 13.4622583)"
52.503197,13.4914514,convenience,"(52.503197, 13.4914514)"
52.5510932,13.3564031,convenience,"(52.5510932, 13.3564031)"
52.4609503,13.4346275,convenience,"(52.4609503, 13.4346275)"
52.4673029,13.4403109,convenience,"(52.4673029, 13.4403109)"
52.4866393,13.3921451,convenience,"(52.4866393, 13.3921451)"
52.5011115,13.4410845,convenience,"(52.5011115, 13.4410845)"
52.5509168,13.5100245,convenience,"(52.5509168, 13.5100245)"
52.4860909,13.4351467,convenience,"(52.4860909, 13.4351467)"
52.5211339,13.4465218,convenience,"(52.5211339, 13.4465218)"
52.5171097,13.4466536,convenience,"(52.5171097, 13.4466536)"
52.5885762,13.2855387,convenience,"(52.5885762, 13.2855387)"
52.4816447,13.4441313,convenience,"(52.4816447, 13.4441313)"
52.544033,13.4242868,convenience,"(52.544033, 13.4242868)"
52.5880587,13.2849445,convenience,"(52.5880587, 13.2849445)"
52.5891994,13.2805206,convenience,"(52.5891994, 13.2805206)"
52.5417979,13.3575292,convenience,"(52.5417979, 13.3575292)"
52.542862,13.3590534,convenience,"(52.542862, 13.3590534)"
52.5472275,13.4157637,convenience,"(52.5472275, 13.4157637)"
52.5454075,13.4204087,convenience,"(52.5454075, 13.4204087)"
52.5436171,13.416199,convenience,"(52.5436171, 13.416199)"
52.5227373,13.4496607,convenience,"(52.5227373, 13.4496607)"
52.523981,13.4527734,convenience,"(52.523981, 13.4527734)"
52.5128191,13.4673128,convenience,"(52.5128191, 13.4673128)"
52.5129377,13.4658832,convenience,"(52.5129377, 13.4658832)"
52.514379,13.4659476,convenience,"(52.514379, 13.4659476)"
52.5461354,13.4180767,convenience,"(52.5461354, 13.4180767)"
52.5132812,13.4713536,convenience,"(52.5132812, 13.4713536)"
52.469814,13.4630769,convenience,"(52.469814, 13.4630769)"
52.4682342,13.4672291,convenience,"(52.4682342, 13.4672291)"
52.4825323,13.4409421,convenience,"(52.4825323, 13.4409421)"
52.483436,13.4360938,convenience,"(52.483436, 13.4360938)"
52.5344555,13.4305661,convenience,"(52.5344555, 13.4305661)"
52.4933967,13.2958852,convenience,"(52.4933967, 13.2958852)"
52.5033624,13.4121295,convenience,"(52.5033624, 13.4121295)"
52.5514691,13.3578197,convenience,"(52.5514691, 13.3578197)"
52.5342305,13.4086992,convenience,"(52.5342305, 13.4086992)"
52.5488264,13.4140802,convenience,"(52.5488264, 13.4140802)"
52.5075231,13.4965878,convenience,"(52.5075231, 13.4965878)"
52.4031371,13.5072516,convenience,"(52.4031371, 13.5072516)"
52.5508319,13.3787053,convenience,"(52.5508319, 13.3787053)"
52.5463987,13.3696159,convenience,"(52.5463987, 13.3696159)"
52.5522529,13.3821551,convenience,"(52.5522529, 13.3821551)"
52.4746659,13.4232927,convenience,"(52.4746659, 13.4232927)"
52.5278285,13.4101407,convenience,"(52.5278285, 13.4101407)"
52.4879348,13.430489,convenience,"(52.4879348, 13.430489)"
52.4875623,13.4375216,convenience,"(52.4875623, 13.4375216)"
52.5802548,13.3988194,convenience,"(52.5802548, 13.3988194)"
52.4553748,13.5765726,convenience,"(52.4553748, 13.5765726)"
52.5704399,13.410203,convenience,"(52.5704399, 13.410203)"
52.5745998,13.357608,convenience,"(52.5745998, 13.357608)"
52.5663982,13.3632929,convenience,"(52.5663982, 13.3632929)"
52.5374494,13.408254,convenience,"(52.5374494, 13.408254)"
52.5401664,13.4111403,convenience,"(52.5401664, 13.4111403)"
52.488513,13.3532962,convenience,"(52.488513, 13.3532962)"
52.506133,13.4655484,convenience,"(52.506133, 13.4655484)"
52.5049744,13.4674633,convenience,"(52.5049744, 13.4674633)"
52.5046457,13.4678618,convenience,"(52.5046457, 13.4678618)"
52.4669419,13.5133836,convenience,"(52.4669419, 13.5133836)"
52.4668756,13.3198096,convenience,"(52.4668756, 13.3198096)"
52.4575426,13.3843486,convenience,"(52.4575426, 13.3843486)"
52.5058829,13.4703076,convenience,"(52.5058829, 13.4703076)"
52.5072131,13.4684572,convenience,"(52.5072131, 13.4684572)"
52.5255327,13.3303661,convenience,"(52.5255327, 13.3303661)"
52.52558,13.3299243,convenience,"(52.52558, 13.3299243)"
52.499861,13.4191728,convenience,"(52.499861, 13.4191728)"
52.4996809,13.4297459,convenience,"(52.4996809, 13.4297459)"
52.4982621,13.4288645,convenience,"(52.4982621, 13.4288645)"
52.4987819,13.4273375,convenience,"(52.4987819, 13.4273375)"
52.4981816,13.3848148,convenience,"(52.4981816, 13.3848148)"
52.5414875,13.3487169,convenience,"(52.5414875, 13.3487169)"
52.5416669,13.3494233,convenience,"(52.5416669, 13.3494233)"
52.5533409,13.4083302,convenience,"(52.5533409, 13.4083302)"
52.445943,13.500479,convenience,"(52.445943, 13.500479)"
52.4938895,13.4218188,convenience,"(52.4938895, 13.4218188)"
52.5272929,13.4500121,convenience,"(52.5272929, 13.4500121)"
52.4885157,13.4287783,convenience,"(52.4885157, 13.4287783)"
52.5469121,13.406241,convenience,"(52.5469121, 13.406241)"
52.5154783,13.290879,convenience,"(52.5154783, 13.290879)"
52.5402467,13.4158448,convenience,"(52.5402467, 13.4158448)"
52.5394809,13.4238961,convenience,"(52.5394809, 13.4238961)"
52.4854176,13.4268834,convenience,"(52.4854176, 13.4268834)"
52.5053204,13.3940873,convenience,"(52.5053204, 13.3940873)"
52.5348523,13.4379797,convenience,"(52.5348523, 13.4379797)"
52.5065512,13.4698185,convenience,"(52.5065512, 13.4698185)"
52.5100286,13.462105,convenience,"(52.5100286, 13.462105)"
52.5157165,13.4399122,convenience,"(52.5157165, 13.4399122)"
52.5110245,13.4356582,convenience,"(52.5110245, 13.4356582)"
52.5230609,13.4344701,convenience,"(52.5230609, 13.4344701)"
52.519883,13.4516496,convenience,"(52.519883, 13.4516496)"
52.5222261,13.449453,convenience,"(52.5222261, 13.449453)"
52.5534498,13.3921872,convenience,"(52.5534498, 13.3921872)"
52.4369217,13.7181357,convenience,"(52.4369217, 13.7181357)"
52.6069342,13.4217062,convenience,"(52.6069342, 13.4217062)"
52.5091058,13.4555933,convenience,"(52.5091058, 13.4555933)"
52.5116257,13.3898386,convenience,"(52.5116257, 13.3898386)"
52.4799667,13.5214915,convenience,"(52.4799667, 13.5214915)"
52.5087859,13.4973357,convenience,"(52.5087859, 13.4973357)"
52.5196117,13.1712485,convenience,"(52.5196117, 13.1712485)"
52.5375585,13.4111971,convenience,"(52.5375585, 13.4111971)"
52.4923613,13.4169147,convenience,"(52.4923613, 13.4169147)"
52.5237092,13.4393122,convenience,"(52.5237092, 13.4393122)"
52.5014008,13.4934074,convenience,"(52.5014008, 13.4934074)"
52.4568134,13.384211,convenience,"(52.4568134, 13.384211)"
52.5541616,13.3397118,convenience,"(52.5541616, 13.3397118)"
52.5211006,13.4470268,convenience,"(52.5211006, 13.4470268)"
52.5143319,13.4929949,convenience,"(52.5143319, 13.4929949)"
52.5258885,13.3070269,convenience,"(52.5258885, 13.3070269)"
52.518017,13.3168638,convenience,"(52.518017, 13.3168638)"
52.4687842,13.4302906,convenience,"(52.4687842, 13.4302906)"
52.5062656,13.3113681,convenience,"(52.5062656, 13.3113681)"
52.5094123,13.3916066,convenience,"(52.5094123, 13.3916066)"
52.5546103,13.4153894,convenience,"(52.5546103, 13.4153894)"
52.489136,13.4509862,convenience,"(52.489136, 13.4509862)"
52.4980049,13.4211603,convenience,"(52.4980049, 13.4211603)"
52.4591429,13.5253076,convenience,"(52.4591429, 13.5253076)"
52.47496,13.3428619,convenience,"(52.47496, 13.3428619)"
52.475761,13.339905,convenience,"(52.475761, 13.339905)"
52.5006355,13.4316495,convenience,"(52.5006355, 13.4316495)"
52.5069169,13.4234636,convenience,"(52.5069169, 13.4234636)"
52.5029232,13.4202891,convenience,"(52.5029232, 13.4202891)"
52.5117259,13.4167008,convenience,"(52.5117259, 13.4167008)"
52.4682986,13.4302019,convenience,"(52.4682986, 13.4302019)"
52.5014844,13.4318688,convenience,"(52.5014844, 13.4318688)"
52.5021417,13.4325367,convenience,"(52.5021417, 13.4325367)"
52.5485711,13.500718,convenience,"(52.5485711, 13.500718)"
52.4151673,13.4972812,convenience,"(52.4151673, 13.4972812)"
52.5030129,13.3956038,convenience,"(52.5030129, 13.3956038)"
52.4708586,13.3439672,convenience,"(52.4708586, 13.3439672)"
52.4700074,13.4254726,convenience,"(52.4700074, 13.4254726)"
52.511525,13.4610655,convenience,"(52.511525, 13.4610655)"
52.5035281,13.3842362,convenience,"(52.5035281, 13.3842362)"
52.5295875,13.4258675,convenience,"(52.5295875, 13.4258675)"
52.528339,13.4253908,convenience,"(52.528339, 13.4253908)"
52.5282926,13.3937035,convenience,"(52.5282926, 13.3937035)"
52.5446717,13.2463188,convenience,"(52.5446717, 13.2463188)"
52.5049434,13.3679278,convenience,"(52.5049434, 13.3679278)"
52.547506,13.2597088,convenience,"(52.547506, 13.2597088)"
52.5278268,13.3917759,convenience,"(52.5278268, 13.3917759)"
52.5395099,13.2723203,convenience,"(52.5395099, 13.2723203)"
52.497054,13.4322378,convenience,"(52.497054, 13.4322378)"
52.5141024,13.5543949,convenience,"(52.5141024, 13.5543949)"
52.5085725,13.4660361,convenience,"(52.5085725, 13.4660361)"
52.5146738,13.4629626,convenience,"(52.5146738, 13.4629626)"
52.5531116,13.3620341,convenience,"(52.5531116, 13.3620341)"
52.5450604,13.4123349,convenience,"(52.5450604, 13.4123349)"
52.4927794,13.4445307,convenience,"(52.4927794, 13.4445307)"
52.4802885,13.4375394,convenience,"(52.4802885, 13.4375394)"
52.5426837,13.3562697,convenience,"(52.5426837, 13.3562697)"
52.5095164,13.4996572,convenience,"(52.5095164, 13.4996572)"
52.5714856,13.408441,convenience,"(52.5714856, 13.408441)"
52.4796484,13.4256815,convenience,"(52.4796484, 13.4256815)"
52.573191,13.4118765,convenience,"(52.573191, 13.4118765)"
52.5391505,13.4229654,convenience,"(52.5391505, 13.4229654)"
52.5313486,13.3457172,convenience,"(52.5313486, 13.3457172)"
52.5006325,13.4220527,convenience,"(52.5006325, 13.4220527)"
52.517851,13.4618701,convenience,"(52.517851, 13.4618701)"
52.513557,13.4740244,convenience,"(52.513557, 13.4740244)"
52.5087196,13.497297,convenience,"(52.5087196, 13.497297)"
52.5000597,13.4408296,convenience,"(52.5000597, 13.4408296)"
52.4562768,13.5113805,convenience,"(52.4562768, 13.5113805)"
52.5478164,13.3512729,convenience,"(52.5478164, 13.3512729)"
52.4628371,13.4834482,convenience,"(52.4628371, 13.4834482)"
52.476671,13.3200611,convenience,"(52.476671, 13.3200611)"
52.4556392,13.5772838,convenience,"(52.4556392, 13.5772838)"
52.4901887,13.3612234,convenience,"(52.4901887, 13.3612234)"
52.4902201,13.3615476,convenience,"(52.4902201, 13.3615476)"
52.532324,13.3405799,convenience,"(52.532324, 13.3405799)"
52.5460604,13.4242176,convenience,"(52.5460604, 13.4242176)"
52.5429314,13.4232484,convenience,"(52.5429314, 13.4232484)"
52.5062656,13.2835133,convenience,"(52.5062656, 13.2835133)"
52.5122969,13.4697138,convenience,"(52.5122969, 13.4697138)"
52.4973075,13.4452756,convenience,"(52.4973075, 13.4452756)"
52.5445553,13.4187368,convenience,"(52.5445553, 13.4187368)"
52.543873,13.4120203,convenience,"(52.543873, 13.4120203)"
52.4785103,13.4388209,convenience,"(52.4785103, 13.4388209)"
52.4790049,13.4249089,convenience,"(52.4790049, 13.4249089)"
52.5357235,13.3573574,convenience,"(52.5357235, 13.3573574)"
52.497357,13.4249683,convenience,"(52.497357, 13.4249683)"
52.550518,13.418591,convenience,"(52.550518, 13.418591)"
52.5647786,13.3942494,convenience,"(52.5647786, 13.3942494)"
52.5637284,13.3923484,convenience,"(52.5637284, 13.3923484)"
52.4814436,13.4295163,convenience,"(52.4814436, 13.4295163)"
52.5102529,13.459522,convenience,"(52.5102529, 13.459522)"
52.5254005,13.3415781,convenience,"(52.5254005, 13.3415781)"
52.4945279,13.4005487,convenience,"(52.4945279, 13.4005487)"
52.4853925,13.43274,convenience,"(52.4853925, 13.43274)"
52.5177636,13.4688049,convenience,"(52.5177636, 13.4688049)"
52.4724586,13.4592904,convenience,"(52.4724586, 13.4592904)"
52.4107485,13.5184591,convenience,"(52.4107485, 13.5184591)"
52.533499,13.406941,convenience,"(52.533499, 13.406941)"
52.5328558,13.4070136,convenience,"(52.5328558, 13.4070136)"
52.518686,13.2877301,convenience,"(52.518686, 13.2877301)"
52.5330094,13.4223583,convenience,"(52.5330094, 13.4223583)"
52.4848821,13.4279669,convenience,"(52.4848821, 13.4279669)"
52.4842604,13.4285492,convenience,"(52.4842604, 13.4285492)"
52.4968006,13.4331118,convenience,"(52.4968006, 13.4331118)"
52.5176047,13.3179411,convenience,"(52.5176047, 13.3179411)"
52.5323409,13.4249807,convenience,"(52.5323409, 13.4249807)"
52.4965201,13.3198419,convenience,"(52.4965201, 13.3198419)"
52.4390769,13.5510463,convenience,"(52.4390769, 13.5510463)"
52.5149112,13.4648549,convenience,"(52.5149112, 13.4648549)"
52.5159479,13.4824821,convenience,"(52.5159479, 13.4824821)"
52.4909025,13.325004,convenience,"(52.4909025, 13.325004)"
52.5537373,13.3391054,convenience,"(52.5537373, 13.3391054)"
52.4494832,13.2519251,convenience,"(52.4494832, 13.2519251)"
52.4420764,13.2410664,convenience,"(52.4420764, 13.2410664)"
52.5065814,13.3119339,convenience,"(52.5065814, 13.3119339)"
52.4869402,13.35674,convenience,"(52.4869402, 13.35674)"
52.4863462,13.4350054,convenience,"(52.4863462, 13.4350054)"
52.4355659,13.3449495,convenience,"(52.4355659, 13.3449495)"
52.4883647,13.4265249,convenience,"(52.4883647, 13.4265249)"
52.5504744,13.363221,convenience,"(52.5504744, 13.363221)"
52.5445952,13.3684959,convenience,"(52.5445952, 13.3684959)"
52.4554898,13.32583,convenience,"(52.4554898, 13.32583)"
52.4896164,13.3775133,convenience,"(52.4896164, 13.3775133)"
52.4840132,13.5749009,convenience,"(52.4840132, 13.5749009)"
52.5657292,13.3969445,convenience,"(52.5657292, 13.3969445)"
52.4862917,13.356029,convenience,"(52.4862917, 13.356029)"
52.5068859,13.3947723,convenience,"(52.5068859, 13.3947723)"
52.505174,13.3862351,convenience,"(52.505174, 13.3862351)"
52.4903911,13.3862445,convenience,"(52.4903911, 13.3862445)"
52.4863883,13.3169882,convenience,"(52.4863883, 13.3169882)"
52.4909141,13.3961061,convenience,"(52.4909141, 13.3961061)"
52.5122949,13.4721172,convenience,"(52.5122949, 13.4721172)"
52.5123235,13.4719053,convenience,"(52.5123235, 13.4719053)"
52.5217742,13.3252493,convenience,"(52.5217742, 13.3252493)"
52.462517,13.1587273,convenience,"(52.462517, 13.1587273)"
52.51037,13.408449,convenience,"(52.51037, 13.408449)"
52.564078,13.4025395,convenience,"(52.564078, 13.4025395)"
52.5465572,13.3624695,convenience,"(52.5465572, 13.3624695)"
52.532687,13.3325015,convenience,"(52.532687, 13.3325015)"
52.5498899,13.3642803,convenience,"(52.5498899, 13.3642803)"
52.5500185,13.3644884,convenience,"(52.5500185, 13.3644884)"
52.5515966,13.3669496,convenience,"(52.5515966, 13.3669496)"
52.5490483,13.3638703,convenience,"(52.5490483, 13.3638703)"
52.5492312,13.3641607,convenience,"(52.5492312, 13.3641607)"
52.5474713,13.3649186,convenience,"(52.5474713, 13.3649186)"
52.5420164,13.3553233,convenience,"(52.5420164, 13.3553233)"
52.6351008,13.4953917,convenience,"(52.6351008, 13.4953917)"
52.4638287,13.4337581,convenience,"(52.4638287, 13.4337581)"
52.5123328,13.4540704,convenience,"(52.5123328, 13.4540704)"
52.5120577,13.4557455,convenience,"(52.5120577, 13.4557455)"
52.4914079,13.425735,convenience,"(52.4914079, 13.425735)"
52.469581,13.438672,convenience,"(52.469581, 13.438672)"
52.5162946,13.4461864,convenience,"(52.5162946, 13.4461864)"
52.4754348,13.4395206,convenience,"(52.4754348, 13.4395206)"
52.5136766,13.381737,convenience,"(52.5136766, 13.381737)"
52.4838713,13.3833386,convenience,"(52.4838713, 13.3833386)"
52.4900644,13.405571,convenience,"(52.4900644, 13.405571)"
52.5042531,13.3435149,convenience,"(52.5042531, 13.3435149)"
52.5023513,13.4564495,convenience,"(52.5023513, 13.4564495)"
52.5521543,13.4119221,convenience,"(52.5521543, 13.4119221)"
52.5266013,13.3411452,convenience,"(52.5266013, 13.3411452)"
52.5266272,13.3347373,convenience,"(52.5266272, 13.3347373)"
52.5104141,13.2440033,convenience,"(52.5104141, 13.2440033)"
52.5112438,13.4654553,convenience,"(52.5112438, 13.4654553)"
52.5099712,13.4579456,convenience,"(52.5099712, 13.4579456)"
52.5022754,13.4326809,convenience,"(52.5022754, 13.4326809)"
52.4880983,13.3229325,convenience,"(52.4880983, 13.3229325)"
52.506704,13.2829353,convenience,"(52.506704, 13.2829353)"
52.4842094,13.3616064,convenience,"(52.4842094, 13.3616064)"
52.4775872,13.4253287,convenience,"(52.4775872, 13.4253287)"
52.5015275,13.3214942,convenience,"(52.5015275, 13.3214942)"
52.4868603,13.4307177,convenience,"(52.4868603, 13.4307177)"
52.4861775,13.4305783,convenience,"(52.4861775, 13.4305783)"
52.4883398,13.3922924,convenience,"(52.4883398, 13.3922924)"
52.5101364,13.4583749,convenience,"(52.5101364, 13.4583749)"
52.5429975,13.4405078,convenience,"(52.5429975, 13.4405078)"
52.5527614,13.4331239,convenience,"(52.5527614, 13.4331239)"
52.5167129,13.4654773,convenience,"(52.5167129, 13.4654773)"
52.4218802,13.2643174,convenience,"(52.4218802, 13.2643174)"
52.4881174,13.4263919,convenience,"(52.4881174, 13.4263919)"
52.4381824,13.5491157,convenience,"(52.4381824, 13.5491157)"
52.4958735,13.4156315,convenience,"(52.4958735, 13.4156315)"
52.4694557,13.4375405,convenience,"(52.4694557, 13.4375405)"
52.4994276,13.4275171,convenience,"(52.4994276, 13.4275171)"
52.5243154,13.3300717,convenience,"(52.5243154, 13.3300717)"
52.5041947,13.4791072,convenience,"(52.5041947, 13.4791072)"
52.4709529,13.4456029,convenience,"(52.4709529, 13.4456029)"
52.506498,13.4703422,convenience,"(52.506498, 13.4703422)"
52.5185335,13.3424145,convenience,"(52.5185335, 13.3424145)"
52.466622,13.4315906,convenience,"(52.466622, 13.4315906)"
52.5395608,13.37137,convenience,"(52.5395608, 13.37137)"
52.5269513,13.3401211,convenience,"(52.5269513, 13.3401211)"
52.5567356,13.3852321,convenience,"(52.5567356, 13.3852321)"
52.5559834,13.3875475,convenience,"(52.5559834, 13.3875475)"
52.557266,13.3855919,convenience,"(52.557266, 13.3855919)"
52.5244792,13.39243,convenience,"(52.5244792, 13.39243)"
52.5564355,13.3842792,convenience,"(52.5564355, 13.3842792)"
52.5638849,13.3916306,convenience,"(52.5638849, 13.3916306)"
52.5052313,13.379004,convenience,"(52.5052313, 13.379004)"
52.4995723,13.4431934,convenience,"(52.4995723, 13.4431934)"
52.4979731,13.3190554,convenience,"(52.4979731, 13.3190554)"
52.4878189,13.4259362,convenience,"(52.4878189, 13.4259362)"
52.5278526,13.3258011,convenience,"(52.5278526, 13.3258011)"
52.537134,13.3971706,convenience,"(52.537134, 13.3971706)"
52.5198802,13.4525636,convenience,"(52.5198802, 13.4525636)"
52.4957469,13.3634199,convenience,"(52.4957469, 13.3634199)"
52.4951614,13.365856,convenience,"(52.4951614, 13.365856)"
52.5266172,13.6116911,convenience,"(52.5266172, 13.6116911)"
52.4768463,13.2902977,convenience,"(52.4768463, 13.2902977)"
52.4872469,13.4264387,convenience,"(52.4872469, 13.4264387)"
52.5014304,13.4236592,convenience,"(52.5014304, 13.4236592)"
52.5422818,13.4118253,convenience,"(52.5422818, 13.4118253)"
52.4998177,13.4270118,convenience,"(52.4998177, 13.4270118)"
52.4840417,13.4400067,convenience,"(52.4840417, 13.4400067)"
52.5085877,13.4622046,convenience,"(52.5085877, 13.4622046)"
52.5645334,13.3635767,convenience,"(52.5645334, 13.3635767)"
52.5608633,13.37182,convenience,"(52.5608633, 13.37182)"
52.5060271,13.3021728,convenience,"(52.5060271, 13.3021728)"
52.4881456,13.3019098,convenience,"(52.4881456, 13.3019098)"
52.5156423,13.2935635,convenience,"(52.5156423, 13.2935635)"
52.4109385,13.4035245,convenience,"(52.4109385, 13.4035245)"
52.4994382,13.4395831,convenience,"(52.4994382, 13.4395831)"
52.4992017,13.4407618,convenience,"(52.4992017, 13.4407618)"
52.4571231,13.5808138,convenience,"(52.4571231, 13.5808138)"
52.5434051,13.3638855,convenience,"(52.5434051, 13.3638855)"
52.5416403,13.3535499,convenience,"(52.5416403, 13.3535499)"
52.5423337,13.3538487,convenience,"(52.5423337, 13.3538487)"
52.524287,13.3764534,convenience,"(52.524287, 13.3764534)"
52.4144672,13.2667275,convenience,"(52.4144672, 13.2667275)"
52.5014884,13.4415781,convenience,"(52.5014884, 13.4415781)"
52.5026914,13.4222961,convenience,"(52.5026914, 13.4222961)"
52.5450464,13.3777723,convenience,"(52.5450464, 13.3777723)"
52.4708617,13.3852966,convenience,"(52.4708617, 13.3852966)"
52.5030497,13.4887638,convenience,"(52.5030497, 13.4887638)"
52.4367663,13.2618642,convenience,"(52.4367663, 13.2618642)"
52.4239772,13.4576292,convenience,"(52.4239772, 13.4576292)"
52.5385789,13.3980036,convenience,"(52.5385789, 13.3980036)"
52.4791939,13.441365,convenience,"(52.4791939, 13.441365)"
52.6078582,13.2349572,convenience,"(52.6078582, 13.2349572)"
52.4985709,13.4417015,convenience,"(52.4985709, 13.4417015)"
52.5008448,13.408786,convenience,"(52.5008448, 13.408786)"
52.5657443,13.3203746,convenience,"(52.5657443, 13.3203746)"
52.4835558,13.4423444,convenience,"(52.4835558, 13.4423444)"
52.5540195,13.423999,convenience,"(52.5540195, 13.423999)"
52.5565726,13.4148027,convenience,"(52.5565726, 13.4148027)"
52.5153365,13.4781719,convenience,"(52.5153365, 13.4781719)"
52.5519495,13.3578031,convenience,"(52.5519495, 13.3578031)"
52.5202364,13.4691729,convenience,"(52.5202364, 13.4691729)"
52.5610908,13.3768973,convenience,"(52.5610908, 13.3768973)"
52.493762,13.3846639,convenience,"(52.493762, 13.3846639)"
52.4899211,13.4555955,convenience,"(52.4899211, 13.4555955)"
52.4917023,13.4463661,convenience,"(52.4917023, 13.4463661)"
52.4893607,13.4542337,convenience,"(52.4893607, 13.4542337)"
52.4887011,13.4421223,convenience,"(52.4887011, 13.4421223)"
52.5505273,13.4130868,convenience,"(52.5505273, 13.4130868)"
52.5541364,13.414996,convenience,"(52.5541364, 13.414996)"
52.4937138,13.4213641,convenience,"(52.4937138, 13.4213641)"
52.539707,13.4192635,convenience,"(52.539707, 13.4192635)"
52.5375121,13.4236475,convenience,"(52.5375121, 13.4236475)"
52.5057276,13.3209924,convenience,"(52.5057276, 13.3209924)"
52.4898742,13.422358,convenience,"(52.4898742, 13.422358)"
52.5401614,13.4047421,convenience,"(52.5401614, 13.4047421)"
52.4740238,13.4240611,convenience,"(52.4740238, 13.4240611)"
52.5053915,13.3270228,convenience,"(52.5053915, 13.3270228)"
52.5039591,13.3314855,convenience,"(52.5039591, 13.3314855)"
52.5287646,13.4084808,convenience,"(52.5287646, 13.4084808)"
52.5187962,13.4439393,convenience,"(52.5187962, 13.4439393)"
52.4872311,13.3577362,convenience,"(52.4872311, 13.3577362)"
52.4585463,13.5797067,convenience,"(52.4585463, 13.5797067)"
52.4290924,13.3290394,convenience,"(52.4290924, 13.3290394)"
52.5620681,13.2087876,convenience,"(52.5620681, 13.2087876)"
52.477875,13.4473738,convenience,"(52.477875, 13.4473738)"
52.5110557,13.3021293,convenience,"(52.5110557, 13.3021293)"
52.4986146,13.3626548,convenience,"(52.4986146, 13.3626548)"
52.5119635,13.3016627,convenience,"(52.5119635, 13.3016627)"
52.5215326,13.4111495,convenience,"(52.5215326, 13.4111495)"
52.5067185,13.3089922,convenience,"(52.5067185, 13.3089922)"
52.5037939,13.447361,convenience,"(52.5037939, 13.447361)"
52.5567564,13.3774997,convenience,"(52.5567564, 13.3774997)"
52.4624408,13.5170444,convenience,"(52.4624408, 13.5170444)"
52.4617007,13.517886,convenience,"(52.4617007, 13.517886)"
52.4625301,13.5144455,convenience,"(52.4625301, 13.5144455)"
52.4991411,13.3659567,convenience,"(52.4991411, 13.3659567)"
52.5508943,13.3477348,convenience,"(52.5508943, 13.3477348)"
52.5870126,13.2853657,convenience,"(52.5870126, 13.2853657)"
52.498849,13.3537781,convenience,"(52.498849, 13.3537781)"
52.5135785,13.481254,convenience,"(52.5135785, 13.481254)"
52.4927196,13.3304108,convenience,"(52.4927196, 13.3304108)"
52.5004889,13.354215,convenience,"(52.5004889, 13.354215)"
52.4973293,13.3615177,convenience,"(52.4973293, 13.3615177)"
52.5010418,13.3077052,convenience,"(52.5010418, 13.3077052)"
52.5242811,13.4176708,convenience,"(52.5242811, 13.4176708)"
52.5125551,13.4067388,convenience,"(52.5125551, 13.4067388)"
52.5162234,13.2937195,convenience,"(52.5162234, 13.2937195)"
52.5124095,13.4520316,convenience,"(52.5124095, 13.4520316)"
52.5388554,13.410288,convenience,"(52.5388554, 13.410288)"
52.5294395,13.4003701,convenience,"(52.5294395, 13.4003701)"
52.4637686,13.5136261,convenience,"(52.4637686, 13.5136261)"
52.4641989,13.510527,convenience,"(52.4641989, 13.510527)"
52.4574614,13.5111972,convenience,"(52.4574614, 13.5111972)"
52.4350743,13.5597093,convenience,"(52.4350743, 13.5597093)"
52.4524213,13.3333997,convenience,"(52.4524213, 13.3333997)"
52.5123866,13.4615435,convenience,"(52.5123866, 13.4615435)"
52.5126319,13.4617026,convenience,"(52.5126319, 13.4617026)"
52.5304925,13.4008212,convenience,"(52.5304925, 13.4008212)"
52.5321673,13.3947646,convenience,"(52.5321673, 13.3947646)"
52.5601414,13.3802921,convenience,"(52.5601414, 13.3802921)"
52.4709286,13.3350737,convenience,"(52.4709286, 13.3350737)"
52.5446401,13.426968,convenience,"(52.5446401, 13.426968)"
52.5667036,13.4153573,convenience,"(52.5667036, 13.4153573)"
52.4524513,13.5867974,convenience,"(52.4524513, 13.5867974)"
52.5123086,13.4979315,convenience,"(52.5123086, 13.4979315)"
52.4539824,13.5189305,convenience,"(52.4539824, 13.5189305)"
52.5313867,13.420016,convenience,"(52.5313867, 13.420016)"
52.5114739,13.4165742,convenience,"(52.5114739, 13.4165742)"
52.4672956,13.4401302,convenience,"(52.4672956, 13.4401302)"
52.4284692,13.3274133,convenience,"(52.4284692, 13.3274133)"
52.550019,13.3457554,convenience,"(52.550019, 13.3457554)"
52.5051104,13.4673053,convenience,"(52.5051104, 13.4673053)"
52.5887962,13.2889889,convenience,"(52.5887962, 13.2889889)"
52.5461198,13.3903162,convenience,"(52.5461198, 13.3903162)"
52.5340393,13.4054143,convenience,"(52.5340393, 13.4054143)"
52.5643521,13.3925287,convenience,"(52.5643521, 13.3925287)"
52.4798299,13.4458594,convenience,"(52.4798299, 13.4458594)"
52.513245,13.4533273,convenience,"(52.513245, 13.4533273)"
52.5221331,13.3272761,convenience,"(52.5221331, 13.3272761)"
52.461851,13.4452674,convenience,"(52.461851, 13.4452674)"
52.4333295,13.1971641,convenience,"(52.4333295, 13.1971641)"
52.5454693,13.3581119,convenience,"(52.5454693, 13.3581119)"
52.5577242,13.3786754,convenience,"(52.5577242, 13.3786754)"
52.5574078,13.3778815,convenience,"(52.5574078, 13.3778815)"
52.5531673,13.3870306,convenience,"(52.5531673, 13.3870306)"
52.5514807,13.4052058,convenience,"(52.5514807, 13.4052058)"
52.5181126,13.4649311,convenience,"(52.5181126, 13.4649311)"
52.517248,13.465326,convenience,"(52.517248, 13.465326)"
52.5414938,13.3931469,convenience,"(52.5414938, 13.3931469)"
52.5183818,13.4654159,convenience,"(52.5183818, 13.4654159)"
52.4751182,13.3779281,convenience,"(52.4751182, 13.3779281)"
52.5261484,13.4517394,convenience,"(52.5261484, 13.4517394)"
52.4924697,13.4581773,convenience,"(52.4924697, 13.4581773)"
52.5346252,13.3588877,convenience,"(52.5346252, 13.3588877)"
52.4749729,13.4270512,convenience,"(52.4749729, 13.4270512)"
52.5307498,13.3832747,convenience,"(52.5307498, 13.3832747)"
52.5126792,13.4504279,convenience,"(52.5126792, 13.4504279)"
52.5337388,13.3712985,convenience,"(52.5337388, 13.3712985)"
52.5354907,13.35759,convenience,"(52.5354907, 13.35759)"
52.5315136,13.4253434,convenience,"(52.5315136, 13.4253434)"
52.5426099,13.3620533,convenience,"(52.5426099, 13.3620533)"
52.4896772,13.3612647,convenience,"(52.4896772, 13.3612647)"
52.5111832,13.458509,convenience,"(52.5111832, 13.458509)"
52.5446146,13.3604421,convenience,"(52.5446146, 13.3604421)"
52.5445521,13.3602681,convenience,"(52.5445521, 13.3602681)"
52.5279033,13.3289116,convenience,"(52.5279033, 13.3289116)"
52.5198684,13.414405,convenience,"(52.5198684, 13.414405)"
52.5168077,13.4402062,convenience,"(52.5168077, 13.4402062)"
52.5164703,13.4401422,convenience,"(52.5164703, 13.4401422)"
52.5089349,13.3218533,convenience,"(52.5089349, 13.3218533)"
52.4373831,13.383143,convenience,"(52.4373831, 13.383143)"
52.4937139,13.3991837,convenience,"(52.4937139, 13.3991837)"
52.4812552,13.3201158,convenience,"(52.4812552, 13.3201158)"
52.4794167,13.4442714,convenience,"(52.4794167, 13.4442714)"
52.5499582,13.3686152,convenience,"(52.5499582, 13.3686152)"
52.5505343,13.3683263,convenience,"(52.5505343, 13.3683263)"
52.517252,13.5556141,convenience,"(52.517252, 13.5556141)"
52.5535135,13.376283,convenience,"(52.5535135, 13.376283)"
52.5488148,13.3634973,convenience,"(52.5488148, 13.3634973)"
52.5538644,13.3734706,convenience,"(52.5538644, 13.3734706)"
52.4421398,13.3791602,convenience,"(52.4421398, 13.3791602)"
52.5407447,13.3509937,convenience,"(52.5407447, 13.3509937)"
52.5412109,13.3503722,convenience,"(52.5412109, 13.3503722)"
52.5410682,13.3505539,convenience,"(52.5410682, 13.3505539)"
52.5411515,13.3504451,convenience,"(52.5411515, 13.3504451)"
52.5282692,13.3885394,convenience,"(52.5282692, 13.3885394)"
52.4717958,13.4292161,convenience,"(52.4717958, 13.4292161)"
52.5090049,13.3089785,convenience,"(52.5090049, 13.3089785)"
52.5274313,13.3302132,convenience,"(52.5274313, 13.3302132)"
52.5271966,13.3324334,convenience,"(52.5271966, 13.3324334)"
52.5336786,13.4050796,convenience,"(52.5336786, 13.4050796)"
52.4851931,13.3760499,convenience,"(52.4851931, 13.3760499)"
52.5129671,13.4172783,convenience,"(52.5129671, 13.4172783)"
52.5475615,13.4103123,convenience,"(52.5475615, 13.4103123)"
52.5400156,13.4243108,convenience,"(52.5400156, 13.4243108)"
52.5530442,13.3797404,convenience,"(52.5530442, 13.3797404)"
52.5528933,13.3804693,convenience,"(52.5528933, 13.3804693)"
52.5542674,13.384554,convenience,"(52.5542674, 13.384554)"
52.556411,13.3731336,convenience,"(52.556411, 13.3731336)"
52.5488787,13.2004694,convenience,"(52.5488787, 13.2004694)"
52.567858,13.3130606,convenience,"(52.567858, 13.3130606)"
52.4474169,13.3063433,convenience,"(52.4474169, 13.3063433)"
52.5248046,13.4505297,convenience,"(52.5248046, 13.4505297)"
52.4755953,13.4399372,convenience,"(52.4755953, 13.4399372)"
52.5127092,13.4588488,convenience,"(52.5127092, 13.4588488)"
52.5074247,13.4670986,convenience,"(52.5074247, 13.4670986)"
52.5441031,13.547627,convenience,"(52.5441031, 13.547627)"
52.5526328,13.3799311,convenience,"(52.5526328, 13.3799311)"
52.5097257,13.5038489,convenience,"(52.5097257, 13.5038489)"
52.5090188,13.5024592,convenience,"(52.5090188, 13.5024592)"
52.51907,13.3005531,convenience,"(52.51907, 13.3005531)"
52.454857,13.3273839,convenience,"(52.454857, 13.3273839)"
52.4499777,13.3457222,convenience,"(52.4499777, 13.3457222)"
52.5266687,13.3530311,convenience,"(52.5266687, 13.3530311)"
52.4474698,13.3155829,convenience,"(52.4474698, 13.3155829)"
52.4959997,13.5106044,convenience,"(52.4959997, 13.5106044)"
52.4765702,13.4263245,convenience,"(52.4765702, 13.4263245)"
52.4449616,13.5757918,convenience,"(52.4449616, 13.5757918)"
52.5889204,13.2888342,convenience,"(52.5889204, 13.2888342)"
52.5900015,13.2877845,convenience,"(52.5900015, 13.2877845)"
52.4981159,13.464862,convenience,"(52.4981159, 13.464862)"
52.4989464,13.4644209,convenience,"(52.4989464, 13.4644209)"
52.5245585,13.3352403,convenience,"(52.5245585, 13.3352403)"
52.4576979,13.5114153,convenience,"(52.4576979, 13.5114153)"
52.4815726,13.4392257,convenience,"(52.4815726, 13.4392257)"
52.4588412,13.5269622,convenience,"(52.4588412, 13.5269622)"
52.4685461,13.49095,convenience,"(52.4685461, 13.49095)"
52.4988145,13.3419925,convenience,"(52.4988145, 13.3419925)"
52.4374786,13.2615262,convenience,"(52.4374786, 13.2615262)"
52.4661971,13.4875061,convenience,"(52.4661971, 13.4875061)"
52.4664014,13.4877569,convenience,"(52.4664014, 13.4877569)"
52.4664729,13.4878481,convenience,"(52.4664729, 13.4878481)"
52.4567436,13.6251282,convenience,"(52.4567436, 13.6251282)"
52.5444905,13.368703,convenience,"(52.5444905, 13.368703)"
52.5063052,13.3107241,convenience,"(52.5063052, 13.3107241)"
52.5293739,13.3361377,convenience,"(52.5293739, 13.3361377)"
52.5129283,13.4568722,convenience,"(52.5129283, 13.4568722)"
52.5414444,13.3702322,convenience,"(52.5414444, 13.3702322)"
52.5661896,13.408491,convenience,"(52.5661896, 13.408491)"
52.5687489,13.3994855,convenience,"(52.5687489, 13.3994855)"
52.4337301,13.5380283,convenience,"(52.4337301, 13.5380283)"
52.4864674,13.355819,convenience,"(52.4864674, 13.355819)"
52.5233456,13.4800036,convenience,"(52.5233456, 13.4800036)"
52.5115755,13.4169426,convenience,"(52.5115755, 13.4169426)"
52.500459,13.4445106,convenience,"(52.500459, 13.4445106)"
52.4781727,13.3281608,convenience,"(52.4781727, 13.3281608)"
52.5081984,13.4627232,convenience,"(52.5081984, 13.4627232)"
52.4927514,13.4282575,convenience,"(52.4927514, 13.4282575)"
52.5098726,13.4666474,convenience,"(52.5098726, 13.4666474)"
52.5131957,13.4821132,convenience,"(52.5131957, 13.4821132)"
52.5167241,13.4612204,convenience,"(52.5167241, 13.4612204)"
52.5119567,13.4563393,convenience,"(52.5119567, 13.4563393)"
52.5114605,13.4578312,convenience,"(52.5114605, 13.4578312)"
52.5713594,13.379651,convenience,"(52.5713594, 13.379651)"
52.5084681,13.4595634,convenience,"(52.5084681, 13.4595634)"
52.5392153,13.4116717,convenience,"(52.5392153, 13.4116717)"
52.5264704,13.3506553,convenience,"(52.5264704, 13.3506553)"
52.5002188,13.4442601,convenience,"(52.5002188, 13.4442601)"
52.4394176,13.2151863,convenience,"(52.4394176, 13.2151863)"
52.5373136,13.1878604,convenience,"(52.5373136, 13.1878604)"
52.5306734,13.3280745,convenience,"(52.5306734, 13.3280745)"
52.5593926,13.3844073,convenience,"(52.5593926, 13.3844073)"
52.5424785,13.414123,convenience,"(52.5424785, 13.414123)"
52.5012709,13.4189159,convenience,"(52.5012709, 13.4189159)"
52.5012096,13.5015582,convenience,"(52.5012096, 13.5015582)"
52.4894421,13.3616577,convenience,"(52.4894421, 13.3616577)"
52.4170179,13.5811286,convenience,"(52.4170179, 13.5811286)"
52.4801608,13.3525311,convenience,"(52.4801608, 13.3525311)"
52.5101013,13.5017875,convenience,"(52.5101013, 13.5017875)"
52.4891132,13.353594,convenience,"(52.4891132, 13.353594)"
52.5806306,13.4014062,convenience,"(52.5806306, 13.4014062)"
52.5243458,13.1972842,convenience,"(52.5243458, 13.1972842)"
52.5226585,13.1974718,convenience,"(52.5226585, 13.1974718)"
52.5264396,13.3369125,convenience,"(52.5264396, 13.3369125)"
52.5146028,13.4745465,convenience,"(52.5146028, 13.4745465)"
52.5409488,13.4113238,convenience,"(52.5409488, 13.4113238)"
52.5407918,13.4130886,convenience,"(52.5407918, 13.4130886)"
52.5314714,13.3816775,convenience,"(52.5314714, 13.3816775)"
52.497481,13.3615827,convenience,"(52.497481, 13.3615827)"
52.5573857,13.3733445,convenience,"(52.5573857, 13.3733445)"
52.5573648,13.3733595,convenience,"(52.5573648, 13.3733595)"
52.5745767,13.3645524,convenience,"(52.5745767, 13.3645524)"
52.5276017,13.3870132,convenience,"(52.5276017, 13.3870132)"
52.5282929,13.3861382,convenience,"(52.5282929, 13.3861382)"
52.4553968,13.3260388,convenience,"(52.4553968, 13.3260388)"
52.4998035,13.4243347,convenience,"(52.4998035, 13.4243347)"
52.5212337,13.3221721,convenience,"(52.5212337, 13.3221721)"
52.4797085,13.345952,convenience,"(52.4797085, 13.345952)"
52.4847772,13.3541632,convenience,"(52.4847772, 13.3541632)"
52.525485,13.3569722,convenience,"(52.525485, 13.3569722)"
52.498851,13.4458608,convenience,"(52.498851, 13.4458608)"
52.4991696,13.4407955,convenience,"(52.4991696, 13.4407955)"
52.5167677,13.4623235,convenience,"(52.5167677, 13.4623235)"
52.5332802,13.2064741,convenience,"(52.5332802, 13.2064741)"
52.542986,13.3694914,convenience,"(52.542986, 13.3694914)"
52.4862013,13.3649725,convenience,"(52.4862013, 13.3649725)"
52.5249407,13.4012965,convenience,"(52.5249407, 13.4012965)"
52.4913469,13.3939561,convenience,"(52.4913469, 13.3939561)"
52.491449,13.3934123,convenience,"(52.491449, 13.3934123)"
52.4610411,13.3851452,convenience,"(52.4610411, 13.3851452)"
52.497781,13.3846856,convenience,"(52.497781, 13.3846856)"
52.5255384,13.3073832,convenience,"(52.5255384, 13.3073832)"
52.4931538,13.4253134,convenience,"(52.4931538, 13.4253134)"
52.4938405,13.3887301,convenience,"(52.4938405, 13.3887301)"
52.5415602,13.4153636,convenience,"(52.5415602, 13.4153636)"
52.5443367,13.4180039,convenience,"(52.5443367, 13.4180039)"
52.5114944,13.2819373,convenience,"(52.5114944, 13.2819373)"
52.5157756,13.2621031,convenience,"(52.5157756, 13.2621031)"
52.5370324,13.1886819,convenience,"(52.5370324, 13.1886819)"
52.5103521,13.2702711,convenience,"(52.5103521, 13.2702711)"
52.565574,13.4075727,convenience,"(52.565574, 13.4075727)"
52.4921356,13.4239469,convenience,"(52.4921356, 13.4239469)"
52.5294594,13.4043736,convenience,"(52.5294594, 13.4043736)"
52.526415,13.3492818,convenience,"(52.526415, 13.3492818)"
52.5039961,13.3072677,convenience,"(52.5039961, 13.3072677)"
52.5066135,13.3020308,convenience,"(52.5066135, 13.3020308)"
52.5301502,13.4006576,convenience,"(52.5301502, 13.4006576)"
52.5297391,13.4003442,convenience,"(52.5297391, 13.4003442)"
52.5278644,13.4085289,convenience,"(52.5278644, 13.4085289)"
52.4710896,13.3344686,convenience,"(52.4710896, 13.3344686)"
52.5488599,13.4127221,convenience,"(52.5488599, 13.4127221)"
52.5023268,13.4314936,convenience,"(52.5023268, 13.4314936)"
52.5102614,13.2967319,convenience,"(52.5102614, 13.2967319)"
52.5023641,13.4563875,convenience,"(52.5023641, 13.4563875)"
52.4640263,13.4436026,convenience,"(52.4640263, 13.4436026)"
52.5392229,13.40017,convenience,"(52.5392229, 13.40017)"
52.5599961,13.3809377,convenience,"(52.5599961, 13.3809377)"
52.5677415,13.3786244,convenience,"(52.5677415, 13.3786244)"
52.5649852,13.3779262,convenience,"(52.5649852, 13.3779262)"
52.5639742,13.3776416,convenience,"(52.5639742, 13.3776416)"
52.4856105,13.3629759,convenience,"(52.4856105, 13.3629759)"
52.505676,13.4470757,convenience,"(52.505676, 13.4470757)"
52.4860681,13.4297716,convenience,"(52.4860681, 13.4297716)"
52.5104007,13.2841928,convenience,"(52.5104007, 13.2841928)"
52.5017546,13.3129938,convenience,"(52.5017546, 13.3129938)"
52.5058318,13.3066662,convenience,"(52.5058318, 13.3066662)"
52.4475867,13.3414904,convenience,"(52.4475867, 13.3414904)"
52.4895302,13.4245241,convenience,"(52.4895302, 13.4245241)"
52.4947058,13.3524772,convenience,"(52.4947058, 13.3524772)"
52.5337027,13.4365626,convenience,"(52.5337027, 13.4365626)"
52.4721779,13.4409918,convenience,"(52.4721779, 13.4409918)"
52.47124,13.4407467,convenience,"(52.47124, 13.4407467)"
52.4759444,13.4392843,convenience,"(52.4759444, 13.4392843)"
52.4774664,13.330302,convenience,"(52.4774664, 13.330302)"
52.5087893,13.3146236,convenience,"(52.5087893, 13.3146236)"
52.5331986,13.3287084,convenience,"(52.5331986, 13.3287084)"
52.5090101,13.460391,convenience,"(52.5090101, 13.460391)"
52.5154548,13.4677196,convenience,"(52.5154548, 13.4677196)"
52.5150197,13.4675393,convenience,"(52.5150197, 13.4675393)"
52.4628634,13.3195658,convenience,"(52.4628634, 13.3195658)"
52.4540756,13.3292876,convenience,"(52.4540756, 13.3292876)"
52.5504984,13.3466051,convenience,"(52.5504984, 13.3466051)"
52.5152782,13.2880061,convenience,"(52.5152782, 13.2880061)"
52.5403563,13.40546,convenience,"(52.5403563, 13.40546)"
52.5318196,13.3495937,convenience,"(52.5318196, 13.3495937)"
52.5041759,13.3753355,convenience,"(52.5041759, 13.3753355)"
52.5355659,13.3563111,convenience,"(52.5355659, 13.3563111)"
52.4733481,13.4478031,convenience,"(52.4733481, 13.4478031)"
52.4808969,13.4344097,convenience,"(52.4808969, 13.4344097)"
52.4210154,13.1781712,convenience,"(52.4210154, 13.1781712)"
52.5459278,13.3448983,convenience,"(52.5459278, 13.3448983)"
52.5494561,13.3533154,convenience,"(52.5494561, 13.3533154)"
52.531583,13.3616685,convenience,"(52.531583, 13.3616685)"
52.5134282,13.4554422,convenience,"(52.5134282, 13.4554422)"
52.51384,13.4541743,convenience,"(52.51384, 13.4541743)"
52.5338305,13.4052276,convenience,"(52.5338305, 13.4052276)"
52.5523776,13.3792173,convenience,"(52.5523776, 13.3792173)"
52.5566572,13.3659415,convenience,"(52.5566572, 13.3659415)"
52.5568894,13.4666418,convenience,"(52.5568894, 13.4666418)"
52.5153721,13.396898,convenience,"(52.5153721, 13.396898)"
52.5177495,13.3067802,convenience,"(52.5177495, 13.3067802)"
52.547049,13.3751367,convenience,"(52.547049, 13.3751367)"
52.5136297,13.2659222,convenience,"(52.5136297, 13.2659222)"
52.5067873,13.3324825,convenience,"(52.5067873, 13.3324825)"
52.5452457,13.3691604,convenience,"(52.5452457, 13.3691604)"
52.4835867,13.4308644,convenience,"(52.4835867, 13.4308644)"
52.5329386,13.4287575,convenience,"(52.5329386, 13.4287575)"
52.4934561,13.3650984,convenience,"(52.4934561, 13.3650984)"
52.5137269,13.4217724,convenience,"(52.5137269, 13.4217724)"
52.5442529,13.4229716,convenience,"(52.5442529, 13.4229716)"
52.5287282,13.4021977,convenience,"(52.5287282, 13.4021977)"
52.5062598,13.496215,convenience,"(52.5062598, 13.496215)"
52.5028036,13.3657508,convenience,"(52.5028036, 13.3657508)"
52.5031173,13.3662205,convenience,"(52.5031173, 13.3662205)"
52.5014049,13.4419024,convenience,"(52.5014049, 13.4419024)"
52.4578468,13.3838808,convenience,"(52.4578468, 13.3838808)"
52.5063313,13.4503962,convenience,"(52.5063313, 13.4503962)"
52.4921123,13.4172698,convenience,"(52.4921123, 13.4172698)"
52.5001116,13.3985682,convenience,"(52.5001116, 13.3985682)"
52.4937495,13.507647,convenience,"(52.4937495, 13.507647)"
52.4923657,13.4236297,convenience,"(52.4923657, 13.4236297)"
52.5073868,13.4609738,convenience,"(52.5073868, 13.4609738)"
52.4851352,13.3846162,convenience,"(52.4851352, 13.3846162)"
52.5506605,13.4148913,convenience,"(52.5506605, 13.4148913)"
52.4733271,13.4263219,convenience,"(52.4733271, 13.4263219)"
52.5048929,13.4688097,convenience,"(52.5048929, 13.4688097)"
52.5081122,13.4666986,convenience,"(52.5081122, 13.4666986)"
52.4744434,13.4273338,convenience,"(52.4744434, 13.4273338)"
52.473685,13.4277362,convenience,"(52.473685, 13.4277362)"
52.5170947,13.4540216,convenience,"(52.5170947, 13.4540216)"
52.5170204,13.4540466,convenience,"(52.5170204, 13.4540466)"
52.5420621,13.4228421,convenience,"(52.5420621, 13.4228421)"
52.5456231,13.4206904,convenience,"(52.5456231, 13.4206904)"
52.5147816,13.4619901,convenience,"(52.5147816, 13.4619901)"
52.5635744,13.3640125,convenience,"(52.5635744, 13.3640125)"
52.5418025,13.4208702,convenience,"(52.5418025, 13.4208702)"
52.4925449,13.4211554,convenience,"(52.4925449, 13.4211554)"
52.5435859,13.4219814,convenience,"(52.5435859, 13.4219814)"
52.4837245,13.3839439,convenience,"(52.4837245, 13.3839439)"
52.506611,13.2939666,convenience,"(52.506611, 13.2939666)"
52.4479264,13.4842132,convenience,"(52.4479264, 13.4842132)"
52.5192928,13.1713645,convenience,"(52.5192928, 13.1713645)"
52.5267464,13.3514996,convenience,"(52.5267464, 13.3514996)"
52.4695438,13.3328723,convenience,"(52.4695438, 13.3328723)"
52.4933643,13.4178183,convenience,"(52.4933643, 13.4178183)"
52.4746042,13.3287763,convenience,"(52.4746042, 13.3287763)"
52.5543561,13.3446507,convenience,"(52.5543561, 13.3446507)"
52.553844,13.3455819,convenience,"(52.553844, 13.3455819)"
52.4913924,13.4233919,convenience,"(52.4913924, 13.4233919)"
52.5434887,13.3968566,convenience,"(52.5434887, 13.3968566)"
52.4701257,13.4313706,convenience,"(52.4701257, 13.4313706)"
52.5074724,13.30919,convenience,"(52.5074724, 13.30919)"
52.5211499,13.4113937,convenience,"(52.5211499, 13.4113937)"
52.5011467,13.491734,convenience,"(52.5011467, 13.491734)"
52.5603455,13.3808334,convenience,"(52.5603455, 13.3808334)"
52.5520885,13.3914105,convenience,"(52.5520885, 13.3914105)"
52.5240712,13.4137233,convenience,"(52.5240712, 13.4137233)"
52.5474168,13.3469841,convenience,"(52.5474168, 13.3469841)"
52.512938,13.3972399,convenience,"(52.512938, 13.3972399)"
52.5113005,13.4069519,convenience,"(52.5113005, 13.4069519)"
52.5497115,13.3587366,convenience,"(52.5497115, 13.3587366)"
52.4793893,13.3104642,convenience,"(52.4793893, 13.3104642)"
52.5464417,13.3488192,convenience,"(52.5464417, 13.3488192)"
52.4885166,13.3946276,convenience,"(52.4885166, 13.3946276)"
52.4963105,13.4155983,convenience,"(52.4963105, 13.4155983)"
52.4862728,13.3229522,convenience,"(52.4862728, 13.3229522)"
52.4639137,13.4256744,convenience,"(52.4639137, 13.4256744)"
52.4810374,13.4371154,convenience,"(52.4810374, 13.4371154)"
52.5487969,13.3496502,convenience,"(52.5487969, 13.3496502)"
52.5557347,13.5639969,convenience,"(52.5557347, 13.5639969)"
52.5000633,13.4433719,convenience,"(52.5000633, 13.4433719)"
52.5081578,13.3746849,convenience,"(52.5081578, 13.3746849)"
52.5109746,13.3055846,convenience,"(52.5109746, 13.3055846)"
52.4809682,13.4366464,convenience,"(52.4809682, 13.4366464)"
52.480708,13.3514527,convenience,"(52.480708, 13.3514527)"
52.4604463,13.5223258,convenience,"(52.4604463, 13.5223258)"
52.4624278,13.3263509,convenience,"(52.4624278, 13.3263509)"
52.499854,13.3021278,convenience,"(52.499854, 13.3021278)"
52.5381189,13.4182255,convenience,"(52.5381189, 13.4182255)"
52.4851141,13.3521526,convenience,"(52.4851141, 13.3521526)"
52.4843859,13.3206479,convenience,"(52.4843859, 13.3206479)"
52.5479217,13.5041232,convenience,"(52.5479217, 13.5041232)"
52.4952316,13.3349458,convenience,"(52.4952316, 13.3349458)"
52.4190628,13.1589363,convenience,"(52.4190628, 13.1589363)"
52.5582845,13.3656044,convenience,"(52.5582845, 13.3656044)"
52.5043185,13.4276101,convenience,"(52.5043185, 13.4276101)"
52.5021214,13.4290356,convenience,"(52.5021214, 13.4290356)"
52.5035506,13.4295046,convenience,"(52.5035506, 13.4295046)"
52.4823291,13.4431764,convenience,"(52.4823291, 13.4431764)"
52.5161836,13.1972158,convenience,"(52.5161836, 13.1972158)"
52.4819696,13.4399523,convenience,"(52.4819696, 13.4399523)"
52.4706964,13.3280718,convenience,"(52.4706964, 13.3280718)"
52.4925816,13.3312131,convenience,"(52.4925816, 13.3312131)"
52.6133651,13.4332586,convenience,"(52.6133651, 13.4332586)"
52.4529939,13.5141699,convenience,"(52.4529939, 13.5141699)"
52.5685054,13.3622282,convenience,"(52.5685054, 13.3622282)"
52.5352982,13.5227802,convenience,"(52.5352982, 13.5227802)"
52.4192256,13.3192762,convenience,"(52.4192256, 13.3192762)"
52.5495277,13.5647483,convenience,"(52.5495277, 13.5647483)"
52.5585895,13.3708729,convenience,"(52.5585895, 13.3708729)"
52.5199112,13.3550098,convenience,"(52.5199112, 13.3550098)"
52.5110521,13.2947579,convenience,"(52.5110521, 13.2947579)"
52.5400076,13.4173202,convenience,"(52.5400076, 13.4173202)"
52.5388851,13.492576,convenience,"(52.5388851, 13.492576)"
52.5718244,13.3803503,convenience,"(52.5718244, 13.3803503)"
52.5017546,13.3129938,convenience,"(52.5017546, 13.3129938)"
52.5050383,13.3176509,convenience,"(52.5050383, 13.3176509)"
52.4179609,13.5798336,convenience,"(52.4179609, 13.5798336)"
52.4199942,13.5785091,convenience,"(52.4199942, 13.5785091)"
52.485462,13.4258668,convenience,"(52.485462, 13.4258668)"
52.4854094,13.4259762,convenience,"(52.4854094, 13.4259762)"
52.5153286,13.4715926,convenience,"(52.5153286, 13.4715926)"
52.4434355,13.3154091,convenience,"(52.4434355, 13.3154091)"
52.4441728,13.3153061,convenience,"(52.4441728, 13.3153061)"
52.4988108,13.2960555,convenience,"(52.4988108, 13.2960555)"
52.4824704,13.4414,convenience,"(52.4824704, 13.4414)"
52.5421037,13.39272,convenience,"(52.5421037, 13.39272)"
52.5246035,13.3396995,convenience,"(52.5246035, 13.3396995)"
52.5414125,13.4129863,convenience,"(52.5414125, 13.4129863)"
52.4606183,13.3769334,convenience,"(52.4606183, 13.3769334)"
52.4826253,13.381665,convenience,"(52.4826253, 13.381665)"
52.5243949,13.3519671,convenience,"(52.5243949, 13.3519671)"
52.4722994,13.3775921,convenience,"(52.4722994, 13.3775921)"
52.5487016,13.4499628,convenience,"(52.5487016, 13.4499628)"
52.5499864,13.445876,convenience,"(52.5499864, 13.445876)"
52.5487163,13.4520471,convenience,"(52.5487163, 13.4520471)"
52.5499705,13.4578066,convenience,"(52.5499705, 13.4578066)"
52.5597554,13.4128012,convenience,"(52.5597554, 13.4128012)"
52.5518023,13.4662136,convenience,"(52.5518023, 13.4662136)"
52.503322,13.4380163,convenience,"(52.503322, 13.4380163)"
52.4814301,13.4311722,convenience,"(52.4814301, 13.4311722)"
52.4256948,13.4633031,convenience,"(52.4256948, 13.4633031)"
52.55922,13.413635,convenience,"(52.55922, 13.413635)"
52.5277241,13.3357647,convenience,"(52.5277241, 13.3357647)"
52.509047,13.314067,convenience,"(52.509047, 13.314067)"
52.5554203,13.3749103,convenience,"(52.5554203, 13.3749103)"
52.5715757,13.3737396,convenience,"(52.5715757, 13.3737396)"
52.5584232,13.4327762,convenience,"(52.5584232, 13.4327762)"
52.5493344,13.3490006,convenience,"(52.5493344, 13.3490006)"
52.4396254,13.3516159,convenience,"(52.4396254, 13.3516159)"
52.4529551,13.4387484,convenience,"(52.4529551, 13.4387484)"
52.4264522,13.3318003,convenience,"(52.4264522, 13.3318003)"
52.5045995,13.4952382,convenience,"(52.5045995, 13.4952382)"
52.5609764,13.3811221,convenience,"(52.5609764, 13.3811221)"
52.4895086,13.4148135,convenience,"(52.4895086, 13.4148135)"
52.5494884,13.4584462,convenience,"(52.5494884, 13.4584462)"
52.4895548,13.3487739,convenience,"(52.4895548, 13.3487739)"
52.4890896,13.3488826,convenience,"(52.4890896, 13.3488826)"
52.5490036,13.454938,convenience,"(52.5490036, 13.454938)"
52.4981276,13.2954425,convenience,"(52.4981276, 13.2954425)"
52.5501676,13.4600182,convenience,"(52.5501676, 13.4600182)"
52.5494296,13.4146269,convenience,"(52.5494296, 13.4146269)"
52.5207694,13.3335452,convenience,"(52.5207694, 13.3335452)"
52.4802767,13.3525697,convenience,"(52.4802767, 13.3525697)"
52.5743856,13.3598899,convenience,"(52.5743856, 13.3598899)"
52.4772428,13.4350519,convenience,"(52.4772428, 13.4350519)"
52.4859052,13.3202346,convenience,"(52.4859052, 13.3202346)"
52.5554874,13.2255742,convenience,"(52.5554874, 13.2255742)"
52.5492293,13.4489621,convenience,"(52.5492293, 13.4489621)"
52.4871035,13.3233769,convenience,"(52.4871035, 13.3233769)"
52.5360263,13.2039572,convenience,"(52.5360263, 13.2039572)"
52.4838581,13.3552811,convenience,"(52.4838581, 13.3552811)"
52.4853083,13.3629026,convenience,"(52.4853083, 13.3629026)"
52.4545008,13.624856,convenience,"(52.4545008, 13.624856)"
52.565593,13.3734825,convenience,"(52.565593, 13.3734825)"
52.451746,13.4385183,convenience,"(52.451746, 13.4385183)"
52.5433004,13.376407,convenience,"(52.5433004, 13.376407)"
52.4752814,13.2916625,convenience,"(52.4752814, 13.2916625)"
