lat_start,lat_end,lng_start,lng_end,lat_center,lng_center,km_to_centroid,grid_in_location,degrees_to_centroid,comfort_leisure_spots,activities_education,negative_street_motorway,mobility_public_transport_bus,activities_economic,activities_goverment,social_life_eating,comfort_comfort_spots,social_life_culture,negative_street_secondary,activities_public_service,social_life_community,comfort_leisure_mass,activities_educational,mobility_public_transport_rail,social_life_night_life,comfort_green_natural,negative_street_primary,mobility_bike_infraestructure,comfort_green_forests,comfort_lakes,activities_health_regional,activities_health_local,comfort_green_space,comfort_rivers,negative_warehouse,negative_retail,activities_post,negative_railway,negative_industrial,comfort_green_parks,negative_supermarket,activities_mean,comfort_mean,mobility_mean,social_mean,negative_mean
-22.900026087400004,-22.899126086500004,-42.7983728,-42.79688431927781,-22.899576086950006,-42.79762855963891,0.9885127721030786,False,38.57488263083829,[0.],[0.],[0.],[0.],[0.],[0.],[0.],[0.],[0.],[0.],[0.],[0.],[0.],[0.],[0.],[0.],[0.],[0.],[0.],[0.],[0.],[0.],[0.],[0.],[0.],[0.],[0.],[0.],[0.],[0.],[0.05298788],[0.],0.0,0.0058875424888033875,0.0,0.0,0.0
-22.900026087400004,-22.899126086500004,-42.79688431927781,-42.79539583855561,-22.899576086950006,-42.79614007891671,0.8789336116123251,False,45.05704616604328,[0.],[0.],[0.],[0.],[0.],[0.],[0.],[0.],[0.],[0.],[0.],[0.],[0.],[0.],[0.],[0.],[0.],[0.],[0.],[0.],[0.],[0.],[0.],[0.],[0.],[0.],[0.],[0.],[0.],[0.],[0.04854541],[0.],0.0,0.005393934955056413,0.0,0.0,0.0
-22.900026087400004,-22.899126086500004,-42.79539583855561,-42.79390735783342,-22.899576086950006,-42.79465159819452,0.7838249945537354,False,53.416600038779464,[0.],[0.],[0.],[0.],[0.],[0.],[0.],[0.],[0.],[0.],[0.],[0.],[0.],[0.],[0.],[0.],[0.],[0.],[0.],[0.],[0.],[0.],[0.],[0.],[0.],[0.],[0.],[0.],[0.],[0.],[0.03720054],[0.],0.0,0.004133393516629213,0.0,0.0,0.0
-22.900026087400004,-22.899126086500004,-42.79390735783342,-42.792418877111224,-22.899576086950006,-42.79316311747232,0.7090341924184466,False,64.06071381773107,[0.],[0.],[0.],[0.],[0.],[0.],[0.],[0.],[0.],[0.],[0.],[0.],[0.],[0.],[0.],[0.],[0.],[0.],[0.],[0.],[0.],[0.],[0.],[0.],[0.],[0.],[0.],[0.],[0.],[0.],[0.02358538],[0.],0.0,0.002620597624401909,0.0,0.0,0.0
-22.900026087400004,-22.899126086500004,-42.792418877111224,-42.79093039638903,-22.899576086950006,-42.79167463675013,0.6614891423379982,False,77.01312299661409,[0.],[0.],[0.],[0.],[0.],[0.],[0.],[0.],[0.],[0.],[0.],[0.],[0.],[0.],[0.],[0.],[0.],[0.],[0.],[0.],[0.],[0.],[0.],[0.],[0.],[0.],[0.],[0.],[0.],[0.],[0.01229425],[0.],0.0,0.0013660281776341938,0.0,0.0,0.0
-22.900026087400004,-22.899126086500004,-42.79093039638903,-42.789441915666835,-22.899576086950006,-42.79018615602793,0.6472223886187203,False,91.4416941965744,[0.],[0.],[0.],[0.],[0.],[0.],[0.],[0.],[0.],[0.],[0.],[0.],[0.],[0.],[0.],[0.],[0.],[0.],[0.],[0.],[0.],[0.],[0.],[0.],[0.],[0.],[0.],[0.],[0.],[0.],[0.00612813],[0.],0.0,0.0006809028757865248,0.0,0.0,0.0
-22.900026087400004,-22.899126086500004,-42.789441915666835,-42.78795343494464,-22.899576086950006,-42.78869767530574,0.6683683795003083,True,105.69335576962389,[0.],[0.],[0.],[0.],[0.],[0.],[0.],[0.],[0.],[0.],[0.],[0.],[0.],[0.],[0.],[0.],[0.],[0.],[0.],[0.],[0.],[0.],[0.],[0.],[0.],[0.],[0.],[0.],[0.],[0.],[0.00612813],[0.],0.0,0.0006809028757865248,0.0,0.0,0.0
-22.900026087400004,-22.899126086500004,-42.78795343494464,-42.786464954222446,-22.899576086950006,-42.78720919458354,0.7218215129714075,True,118.2249810015486,[0.],[0.],[0.],[0.],[0.],[0.],[0.],[0.],[0.],[0.],[0.],[0.],[0.],[0.],[0.],[0.],[0.],[0.],[0.],[0.],[0.],[0.],[0.],[0.],[0.],[0.],[0.],[0.],[0.],[0.],[0.01229425],[0.],0.0,0.0013660281776341938,0.0,0.0,0.0
-22.900026087400004,-22.899126086500004,-42.786464954222446,-42.78497647350025,-22.899576086950006,-42.78572071386135,0.8011409600924463,True,128.39863199304736,[0.],[0.],[0.],[0.],[0.],[0.],[0.],[0.],[0.],[0.],[0.],[0.],[0.],[0.],[0.],[0.],[0.],[0.],[0.],[0.],[0.],[0.],[0.],[0.],[0.],[0.],[0.],[0.],[0.],[0.],[0.02358538],[0.],0.0,0.002620597624401909,0.0,0.0,0.0
-22.900026087400004,-22.899126086500004,-42.78497647350025,-42.783487992778056,-22.899576086950006,-42.78423223313915,0.8995098191538158,False,136.3520684875704,[0.],[0.],[0.],[0.],[0.],[0.],[0.],[0.],[0.],[0.],[0.],[0.],[0.],[0.],[0.],[0.],[0.],[0.],[0.],[0.],[0.],[0.],[0.],[0.],[0.],[0.],[0.],[0.],[0.],[0.],[0.03720054],[0.],0.0,0.004133393516629213,0.0,0.0,0.0
-22.900026087400004,-22.899126086500004,-42.783487992778056,-42.78199951205586,-22.899576086950006,-42.78274375241696,1.0113849549094667,False,142.51942291032398,[0.],[0.],[0.],[0.],[0.],[0.],[0.],[0.],[0.],[0.],[0.],[0.],[0.],[0.],[0.],[0.],[0.],[0.],[0.],[0.],[0.],[0.],[0.],[0.],[0.],[0.],[0.],[0.],[0.],[0.],[0.04854541],[0.],0.0,0.005393934955056413,0.0,0.0,0.0
-22.900926088300004,-22.900026087400004,-42.7983728,-42.79688431927781,-22.900476087850002,-42.79762855963891,0.9261001316951107,False,33.98847214419988,[0.],[0.],[0.],[0.],[0.],[0.],[0.],[0.],[0.],[0.],[0.],[0.],[0.],[0.],[0.],[0.],[0.],[0.],[0.],[0.],[0.],[0.],[0.],[0.],[0.],[0.],[0.],[0.],[0.],[0.],[0.1313775],[0.],0.0,0.014597499982599012,0.0,0.0,0.0
-22.900926088300004,-22.900026087400004,-42.79688431927781,-42.79539583855561,-22.900476087850002,-42.79614007891671,0.8081024717441998,False,40.26527759166716,[0.],[0.],[0.],[0.],[0.],[0.],[0.],[0.],[0.],[0.],[0.],[0.],[0.],[0.],[0.],[0.],[0.],[0.],[0.],[0.],[0.],[0.],[0.],[0.],[0.],[0.],[0.],[0.],[0.],[0.],[0.12092618],[0.],0.0,0.013436241810465314,0.0,0.0,0.0
-22.900926088300004,-22.900026087400004,-42.79539583855561,-42.79390735783342,-22.900476087850002,-42.79465159819452,0.7034827522444845,False,48.71642037809964,[0.],[0.],[0.],[0.],[0.],[0.],[0.],[0.],[0.],[0.],[0.],[0.],[0.],[0.],[0.],[0.],[0.],[0.],[0.],[0.],[0.],[0.],[0.],[0.],[0.],[0.],[0.],[0.],[0.],[0.],[0.0942363],[0.],0.0,0.010470699458275242,0.0,0.0,0.0
-22.900926088300004,-22.900026087400004,-42.79390735783342,-42.792418877111224,-22.900476087850002,-42.79316311747232,0.6190610531576042,False,60.083084321689654,[0.],[0.],[0.],[0.],[0.],[0.],[0.],[0.],[0.],[0.],[0.],[0.],[0.],[0.],[0.],[0.],[0.],[0.],[0.],[0.],[0.],[0.],[0.],[0.],[0.],[0.],[0.],[0.],[0.],[0.],[0.06220534],[0.],0.0,0.006911704766108015,0.0,0.0,0.0
-22.900926088300004,-22.900026087400004,-42.792418877111224,-42.79093039638903,-22.900476087850002,-42.79167463675013,0.5639817544457415,False,74.73977443772439,[0.],[0.],[0.],[0.],[0.],[0.],[0.],[0.],[0.],[0.],[0.],[0.],[0.],[0.],[0.],[0.],[0.],[0.],[0.],[0.],[0.],[0.],[0.],[0.],[0.],[0.],[0.],[0.],[0.],[0.],[0.03564191],[0.],0.0,0.003960212086267645,0.0,0.0,0.0
-22.900926088300004,-22.900026087400004,-42.79093039638903,-42.789441915666835,-22.900476087850002,-42.79018615602793,0.5471786528577044,True,91.70532642230808,[0.],[0.],[0.],[0.],[0.],[0.],[0.],[0.],[0.],[0.],[0.],[0.],[0.],[0.],[0.],[0.],[0.],[0.],[0.],[0.],[0.],[0.],[0.],[0.],[0.],[0.],[0.],[0.],[0.],[0.],[0.02113551],[0.],0.0,0.0023483903426513883,0.0,0.0,0.0
-22.900926088300004,-22.900026087400004,-42.789441915666835,-42.78795343494464,-22.900476087850002,-42.78869767530574,0.5720347576202289,True,108.38514252747113,[0.],[0.],[0.],[0.],[0.],[0.],[0.],[0.],[0.],[0.],[0.],[0.],[0.],[0.],[0.],[0.],[0.],[0.],[0.],[0.],[0.],[0.],[0.],[0.],[0.],[0.],[0.],[0.],[0.],[0.],[0.02113551],[0.],0.0,0.0023483903426513883,0.0,0.0,0.0
-22.900926088300004,-22.900026087400004,-42.78795343494464,-42.786464954222446,-22.900476087850002,-42.78720919458354,0.6336665343007426,True,122.41404188848627,[0.],[0.],[0.],[0.],[0.],[0.],[0.],[0.],[0.],[0.],[0.],[0.],[0.],[0.],[0.],[0.],[0.],[0.],[0.],[0.],[0.],[0.],[0.],[0.],[0.],[0.],[0.],[0.],[0.],[0.],[0.03564191],[0.],0.0,0.003960212086267645,0.0,0.0,0.0
-22.900926088300004,-22.900026087400004,-42.786464954222446,-42.78497647350025,-22.900476087850002,-42.78572071386135,0.7227261005633784,True,133.15417420564972,[0.],[0.],[0.],[0.],[0.],[0.],[0.],[0.],[0.],[0.],[0.],[0.],[0.],[0.],[0.],[0.],[0.],[0.],[0.],[0.],[0.],[0.],[0.],[0.],[0.],[0.],[0.],[0.],[0.],[0.],[0.06220534],[0.],0.0,0.006911704766108015,0.0,0.0,0.0
-22.900926088300004,-22.900026087400004,-42.78497647350025,-42.783487992778056,-22.900476087850002,-42.78423223313915,0.8304354178043278,False,141.1189783772785,[0.],[0.],[0.],[0.],[0.],[0.],[0.],[0.],[0.],[0.],[0.],[0.],[0.],[0.],[0.],[0.],[0.],[0.],[0.],[0.],[0.],[0.],[0.],[0.],[0.],[0.],[0.],[0.],[0.],[0.],[0.0942363],[0.],0.0,0.010470699458275242,0.0,0.0,0.0
-22.900926088300004,-22.900026087400004,-42.783487992778056,-42.78199951205586,-22.900476087850002,-42.78274375241696,0.9504752373405949,False,147.04895689455248,[0.],[0.],[0.],[0.],[0.],[0.],[0.],[0.],[0.],[0.],[0.],[0.],[0.],[0.],[0.],[0.],[0.],[0.],[0.],[0.],[0.],[0.],[0.],[0.],[0.],[0.],[0.],[0.],[0.],[0.],[0.12092618],[0.],0.0,0.013436241810465314,0.0,0.0,0.0
-22.901826089200004,-22.900926088300004,-42.7983728,-42.79688431927781,-22.901376088750006,-42.79762855963891,0.8707442978167856,False,28.848594002959505,[0.],[0.],[0.],[0.],[0.],[0.],[0.],[0.],[0.],[0.],[0.],[0.],[0.],[0.],[0.],[0.],[0.],[0.],[0.],[0.],[0.],[0.],[0.],[0.],[0.],[0.],[0.],[0.],[0.],[0.],[0.27451404],[0.],0.0,0.030501559590902227,0.0,0.0,0.0
-22.901826089200004,-22.900926088300004,-42.79688431927781,-42.79539583855561,-22.901376088750006,-42.79614007891671,0.7440195837677269,False,34.685070401386426,[0.],[0.],[0.],[0.],[0.],[0.],[0.],[0.],[0.],[0.],[0.],[0.],[0.],[0.],[0.],[0.],[0.],[0.],[0.],[0.],[0.],[0.],[0.],[0.],[0.],[0.],[0.],[0.],[0.],[0.],[0.25309076],[0.],0.0,0.028121196095006858,0.0,0.0,0.0
-22.901826089200004,-22.900926088300004,-42.79539583855561,-42.79390735783342,-22.901376088750006,-42.79465159819452,0.6288279322067483,False,42.939780159705826,[0.],[0.],[0.],[0.],[0.],[0.],[0.],[0.],[0.],[0.],[0.],[0.],[0.],[0.],[0.],[0.],[0.],[0.],[0.],[0.],[0.],[0.],[0.],[0.],[0.],[0.],[0.],[0.],[0.],[0.],[0.19838147],[0.],0.0,0.022042385258554714,0.0,0.0,0.0
-22.901826089200004,-22.900926088300004,-42.79390735783342,-42.792418877111224,-22.901376088750006,-42.79316311747232,0.532704340204507,False,54.84395249057756,[0.],[0.],[0.],[0.],[0.],[0.],[0.],[0.],[0.],[0.],[0.],[0.],[0.],[0.],[0.],[0.],[0.],[0.],[0.],[0.],[0.],[0.],[0.],[0.],[0.],[0.],[0.],[0.],[0.],[0.],[0.13272397],[0.],0.0,0.014747107386146445,0.0,0.0,0.0
-22.901826089200004,-22.900926088300004,-42.792418877111224,-42.79093039638903,-22.901376088750006,-42.79167463675013,0.4675608819106289,True,71.53493890070371,[0.],[0.],[0.],[0.],[0.],[0.],[0.],[0.],[0.],[0.],[0.],[0.],[0.],[0.],[0.],[0.],[0.],[0.],[0.],[0.],[0.],[0.],[0.],[0.],[0.],[0.],[0.],[0.],[0.],[0.],[0.07827386],[0.],0.0,0.008697095767640009,0.0,0.0,0.0
-22.901826089200004,-22.900926088300004,-42.79093039638903,-42.789441915666835,-22.901376088750006,-42.79018615602793,0.4471491484827025,True,92.0869001799523,[0.],[0.],[0.],[0.],[0.],[0.],[0.],[0.],[0.],[0.],[0.],[0.],[0.],[0.],[0.],[0.],[0.],[0.],[0.],[0.],[0.],[0.],[0.],[0.],[0.],[0.],[0.],[0.],[0.],[0.],[0.04853845],[0.],0.0,0.005393160663058604,0.0,0.0,0.0
-22.901826089200004,-22.900926088300004,-42.789441915666835,-42.78795343494464,-22.901376088750006,-42.78869767530574,0.4772436088232165,True,112.13630392753758,[0.],[0.],[0.],[0.],[0.],[0.],[0.],[0.],[0.],[0.],[0.],[0.],[0.],[0.],[0.],[0.],[0.],[0.],[0.],[0.],[0.],[0.],[0.],[0.],[0.],[0.],[0.],[0.],[0.],[0.],[0.04853845],[0.],0.0,0.005393160663058604,0.0,0.0,0.0
-22.901826089200004,-22.900926088300004,-42.78795343494464,-42.786464954222446,-22.901376088750006,-42.78720919458354,0.549609390214615,True,127.85267123067489,[0.],[0.],[0.],[0.],[0.],[0.],[0.],[0.],[0.],[0.],[0.],[0.],[0.],[0.],[0.],[0.],[0.],[0.],[0.],[0.],[0.],[0.],[0.],[0.],[0.],[0.],[0.],[0.],[0.],[0.],[0.07827386],[0.],0.0,0.008697095767640009,0.0,0.0,0.0
-22.901826089200004,-22.900926088300004,-42.786464954222446,-42.78497647350025,-22.901376088750006,-42.78572071386135,0.6502841070857881,True,138.92940307447688,[0.],[0.],[0.],[0.],[0.],[0.],[0.],[0.],[0.],[0.],[0.],[0.],[0.],[0.],[0.],[0.],[0.],[0.],[0.],[0.],[0.],[0.],[0.],[0.],[0.],[0.],[0.],[0.],[0.],[0.],[0.13272397],[0.],0.0,0.014747107386146445,0.0,0.0,0.0
-22.901826089200004,-22.900926088300004,-42.78497647350025,-42.783487992778056,-22.901376088750006,-42.78423223313915,0.7682175971045987,False,146.62233079331222,[0.],[0.],[0.],[0.],[0.],[0.],[0.],[0.],[0.],[0.],[0.],[0.],[0.],[0.],[0.],[0.],[0.],[0.],[0.],[0.],[0.],[0.],[0.],[0.],[0.],[0.],[0.],[0.],[0.],[0.],[0.19838147],[0.],0.0,0.022042385258554714,0.0,0.0,0.0
-22.901826089200004,-22.900926088300004,-42.783487992778056,-42.78199951205586,-22.901376088750006,-42.78274375241696,0.8966253685405791,False,152.09437831119658,[0.],[0.],[0.],[0.],[0.],[0.],[0.],[0.],[0.],[0.],[0.],[0.],[0.],[0.],[0.],[0.],[0.],[0.],[0.],[0.],[0.],[0.],[0.],[0.],[0.],[0.],[0.],[0.],[0.],[0.],[0.25309076],[0.],0.0,0.028121196095006858,0.0,0.0,0.0
-22.902726090100003,-22.901826089200004,-42.7983728,-42.79688431927781,-22.90227608965,-42.79762855963891,0.8238689430833392,False,23.14687373404705,[0.],[0.],[0.],[0.],[0.],[0.],[0.],[0.],[0.],[0.],[0.],[0.],[0.],[0.],[0.],[0.],[0.],[0.],[0.],[0.],[0.],[0.],[0.],[0.],[0.],[0.],[0.],[0.],[0.],[0.],[0.48421285],[0.],0.0,0.053801427555729066,0.0,0.0,0.0
-22.902726090100003,-22.901826089200004,-42.79688431927781,-42.79539583855561,-22.90227608965,-42.79614007891671,0.6885716391171242,False,28.239109422725857,[0.],[0.],[0.],[0.],[0.],[0.],[0.],[0.],[0.],[0.],[0.],[0.],[0.],[0.],[0.],[0.],[0.],[0.],[0.],[0.],[0.],[0.],[0.],[0.],[0.],[0.],[0.],[0.],[0.],[0.],[0.44671538],[0.],0.0,0.04963504251700482,0.0,0.0,0.0
-22.902726090100003,-22.901826089200004,-42.79539583855561,-42.79390735783342,-22.90227608965,-42.79465159819452,0.5621311047639084,True,35.83567817653939,[0.],[0.],[0.],[0.],[0.],[0.],[0.],[0.],[0.],[0.],[0.],[0.],[0.],[0.],[0.],[0.],[0.],[0.],[0.],[0.],[0.],[0.],[0.],[0.],[0.],[0.],[0.],[0.],[0.],[0.],[0.3509569],[0.],0.0,0.038995211009799406,0.0,0.0,0.0
-22.902726090100003,-22.901826089200004,-42.79390735783342,-42.792418877111224,-22.90227608965,-42.79316311747232,0.45204144237994276,True,47.776489188127684,[0.],[0.],[0.],[0.],[0.],[0.],[0.],[0.],[0.],[0.],[0.],[0.],[0.],[0.],[0.],[0.],[0.],[0.],[0.],[0.],[0.],[0.],[0.],[0.],[0.],[0.],[0.],[0.],[0.],[0.],[0.23603562],[0.],0.0,0.026226179459218936,0.0,0.0,0.0
-22.902726090100003,-22.901826089200004,-42.792418877111224,-42.79093039638903,-22.90227608965,-42.79167463675013,0.3730699160602668,True,66.71927359889904,[0.],[0.],[0.],[0.],[0.],[0.],[0.],[0.],[0.],[0.],[0.],[0.],[0.],[0.],[0.],[0.],[0.],[0.],[0.],[0.],[0.],[0.],[0.],[0.],[0.],[0.],[0.],[0.],[0.],[0.],[0.1407308],[0.],0.0,0.01563675564436089,0.0,0.0,0.0
-22.902726090100003,-22.901826089200004,-42.79093039638903,-42.789441915666835,-22.90227608965,-42.79018615602793,0.34714617795437674,True,92.68829098478435,[0.],[0.],[0.],[0.],[0.],[0.],[0.],[0.],[0.],[0.],[0.],[0.],[0.],[0.],[0.],[0.],[0.],[0.],[0.],[0.],[0.],[0.],[0.],[0.],[0.],[0.],[0.],[0.],[0.],[0.],[0.08868447],[0.],0.0,0.009853829712090196,0.0,0.0,0.0
-22.902726090100003,-22.901826089200004,-42.789441915666835,-42.78795343494464,-22.90227608965,-42.78869767530574,0.3851355416329383,True,117.66250789795048,[0.],[0.],[0.],[0.],[0.],[0.],[0.],[0.],[0.],[0.],[0.],[0.],[0.],[0.],[0.],[0.],[0.],[0.],[0.],[0.],[0.],[0.],[0.],[0.],[0.],[0.],[0.],[0.],[0.],[0.],[0.08868447],[0.],0.0,0.009853829712090196,0.0,0.0,0.0
-22.902726090100003,-22.901826089200004,-42.78795343494464,-42.786464954222446,-22.90227608965,-42.78720919458354,0.4718452203302912,True,135.0400962831475,[0.],[0.],[0.],[0.],[0.],[0.],[0.],[0.],[0.],[0.],[0.],[0.],[0.],[0.],[0.],[0.],[0.],[0.],[0.],[0.],[0.],[0.],[0.],[0.],[0.],[0.],[0.],[0.],[0.],[0.],[0.1407308],[0.],0.0,0.01563675564436089,0.0,0.0,0.0
-22.902726090100003,-22.901826089200004,-42.786464954222446,-42.78497647350025,-22.90227608965,-42.78572071386135,0.5860341700092224,True,145.92933396530844,[0.],[0.],[0.],[0.],[0.],[0.],[0.],[0.],[0.],[0.],[0.],[0.],[0.],[0.],[0.],[0.],[0.],[0.],[0.],[0.],[0.],[0.],[0.],[0.],[0.],[0.],[0.],[0.],[0.],[0.],[0.23603562],[0.],0.0,0.026226179459218936,0.0,0.0,0.0
-22.902726090100003,-22.901826089200004,-42.78497647350025,-42.783487992778056,-22.90227608965,-42.78423223313915,0.714649420924823,True,152.91991275035755,[0.],[0.],[0.],[0.],[0.],[0.],[0.],[0.],[0.],[0.],[0.],[0.],[0.],[0.],[0.],[0.],[0.],[0.],[0.],[0.],[0.],[0.],[0.],[0.],[0.],[0.],[0.],[0.],[0.],[0.],[0.3509569],[0.],0.0,0.038995211009799406,0.0,0.0,0.0
-22.902726090100003,-22.901826089200004,-42.783487992778056,-42.78199951205586,-22.90227608965,-42.78274375241696,0.8511763337628345,False,157.65717622534484,[0.],[0.],[0.],[0.],[0.],[0.],[0.],[0.],[0.],[0.],[0.],[0.],[0.],[0.],[0.],[0.],[0.],[0.],[0.],[0.],[0.],[0.],[0.],[0.],[0.],[0.],[0.],[0.],[0.],[0.],[0.44671538],[0.],0.0,0.04963504251700482,0.0,0.0,0.0
-22.903626091000003,-22.902726090100003,-42.7983728,-42.79688431927781,-22.903176090550005,-42.79762855963891,0.7869908916337287,False,16.91699335328872,[0.],[0.],[0.],[0.],[0.],[0.],[0.],[0.],[0.],[0.],[0.],[0.],[0.],[0.],[0.],[0.],[0.],[0.],[0.],[0.],[0.],[0.],[0.],[0.],[0.],[0.],[0.],[0.],[0.],[0.],[0.72479011],[0.],0.0,0.08053223446197598,0.0,0.0,0.0
-22.903626091000003,-22.902726090100003,-42.79688431927781,-42.79539583855561,-22.903176090550005,-42.79614007891671,0.6439929256886486,True,20.911932371661102,[0.],[0.],[0.],[0.],[0.],[0.],[0.],[0.],[0.],[0.],[0.],[0.],[0.],[0.],[0.],[0.],[0.],[0.],[0.],[0.],[0.],[0.],[0.],[0.],[0.],[0.],[0.],[0.],[0.],[0.],[0.6688515],[0.],0.0,0.07431683364926422,0.0,0.0,0.0
-22.903626091000003,-22.902726090100003,-42.79539583855561,-42.79390735783342,-22.903176090550005,-42.79465159819452,0.5065455700752135,True,27.19353433064001,[0.],[0.],[0.],[0.],[0.],[0.],[0.],[0.],[0.],[0.],[0.],[0.],[0.],[0.],[0.],[0.],[0.],[0.],[0.],[0.],[0.],[0.],[0.],[0.],[0.],[0.],[0.],[0.],[0.],[0.],[0.52599928],[0.],0.0,0.05844436464259511,0.0,0.0,0.0
-22.903626091000003,-22.902726090100003,-42.79390735783342,-42.792418877111224,-22.903176090550005,-42.79316311747232,0.380708868039054,True,38.09549134997264,[0.],[0.],[0.],[0.],[0.],[0.],[0.],[0.],[0.],[0.],[0.],[0.],[0.],[0.],[0.],[0.],[0.],[0.],[0.],[0.],[0.],[0.],[0.],[0.],[0.],[0.],[0.],[0.],[0.],[0.],[0.35456005],[0.],0.0,0.039395561342043375,0.0,0.0,0.0
-22.903626091000003,-22.902726090100003,-42.792418877111224,-42.79093039638903,-22.903176090550005,-42.79167463675013,0.2824524230282346,True,58.83536652500963,[0.],[0.],[0.],[0.],[0.],[0.],[0.],[0.],[0.],[0.],[0.],[0.],[0.],[0.],[0.],[0.],[0.],[0.],[0.],[0.],[0.],[0.],[0.],[0.],[0.],[0.],[0.],[0.],[0.],[0.],[0.21238461],[0.],0.0,0.02359829038093911,0.0,0.0,0.0
-22.903626091000003,-22.902726090100003,-42.79093039638903,-42.789441915666835,-22.903176090550005,-42.79018615602793,0.24720194534037498,True,93.77590887370637,[0.],[0.],[0.],[0.],[0.],[0.],[0.],[0.],[0.],[0.],[0.],[0.],[0.],[0.],[0.],[0.],[0.],[0.],[0.],[0.],[0.],[0.],[0.],[0.],[0.],[0.],[0.],[0.],[0.],[0.],[0.13474205],[0.],0.0,0.014971338669751862,0.0,0.0,0.0
-22.903626091000003,-22.902726090100003,-42.789441915666835,-42.78795343494464,-22.903176090550005,-42.78869767530574,0.29820719931419876,True,126.38180078818233,[0.],[0.],[0.],[0.],[0.],[0.],[0.],[0.],[0.],[0.],[0.],[0.],[0.],[0.],[0.],[0.],[0.],[0.],[0.],[0.],[0.],[0.],[0.],[0.],[0.],[0.],[0.],[0.],[0.],[0.],[0.13474205],[0.],0.0,0.014971338669751862,0.0,0.0,0.0
-22.903626091000003,-22.902726090100003,-42.78795343494464,-42.786464954222446,-22.903176090550005,-42.78720919458354,0.40402421598266863,True,144.60792957601535,[0.],[0.],[0.],[0.],[0.],[0.],[0.],[0.],[0.],[0.],[0.],[0.],[0.],[0.],[0.],[0.],[0.],[0.],[0.],[0.],[0.],[0.],[0.],[0.],[0.],[0.],[0.],[0.],[0.],[0.],[0.21238461],[0.],0.0,0.02359829038093911,0.0,0.0,0.0
-22.903626091000003,-22.902726090100003,-42.786464954222446,-42.78497647350025,-22.903176090550005,-42.78572071386135,0.5329473725462718,True,154.30515466939548,[0.],[0.],[0.],[0.],[0.],[0.],[0.],[0.],[0.],[0.],[0.],[0.],[0.],[0.],[0.],[0.],[0.],[0.],[0.],[0.],[0.],[0.],[0.],[0.],[0.],[0.],[0.],[0.],[0.],[0.],[0.35456005],[0.],0.0,0.039395561342043375,0.0,0.0,0.0
-22.903626091000003,-22.902726090100003,-42.78497647350025,-42.783487992778056,-22.903176090550005,-42.78423223313915,0.6718031989528093,True,160.01087475060388,[0.],[0.],[0.],[0.],[0.],[0.],[0.],[0.],[0.],[0.],[0.],[0.],[0.],[0.],[0.],[0.],[0.],[0.],[0.],[0.],[0.],[0.],[0.],[0.],[0.],[0.],[0.],[0.],[0.],[0.],[0.52599928],[0.],0.0,0.05844436464259511,0.0,0.0,0.0
-22.903626091000003,-22.902726090100003,-42.783487992778056,-42.78199951205586,-22.903176090550005,-42.78274375241696,0.8155338593450357,False,163.7006466992774,[0.],[0.],[0.],[0.],[0.],[0.],[0.],[0.],[0.],[0.],[0.],[0.],[0.],[0.],[0.],[0.],[0.],[0.],[0.],[0.],[0.],[0.],[0.],[0.],[0.],[0.],[0.],[0.],[0.],[0.],[0.6688515],[0.],0.0,0.07431683364926422,0.0,0.0,0.0
-22.904526091900003,-22.903626091000003,-42.7983728,-42.79688431927781,-22.90407609145,-42.79762855963891,0.7615638624523129,True,10.24786793501324,[0.],[0.],[0.],[0.],[0.],[0.],[0.],[0.],[0.],[0.],[0.],[0.],[0.],[0.],[0.],[0.],[0.],[0.],[0.],[0.],[0.],[0.],[0.],[0.],[0.],[0.],[0.],[0.],[0.],[0.],[0.92273458],[0.],0.0,0.10252606483452692,0.0,0.0,0.0
-22.904526091900003,-22.903626091000003,-42.79688431927781,-42.79539583855561,-22.90407609145,-42.79614007891671,0.6126606723569812,True,12.796412123597515,[0.],[0.],[0.],[0.],[0.],[0.],[0.],[0.],[0.],[0.],[0.],[0.],[0.],[0.],[0.],[0.],[0.],[0.],[0.],[0.],[0.],[0.],[0.],[0.],[0.],[0.],[0.],[0.],[0.],[0.],[0.8516228],[0.],0.0,0.09462475511821111,0.0,0.0,0.0
-22.904526091900003,-22.903626091000003,-42.79539583855561,-42.79390735783342,-22.90407609145,-42.79465159819452,0.4660640247689868,True,16.982949846415508,[0.],[0.],[0.],[0.],[0.],[0.],[0.],[0.],[0.],[0.],[0.],[0.],[0.],[0.],[0.],[0.],[0.],[0.],[0.],[0.],[0.],[0.],[0.],[0.],[0.],[0.],[0.],[0.],[0.],[0.],[0.67002234],[0.],0.0,0.07444692630822985,0.0,0.0,0.0
-22.904526091900003,-22.903626091000003,-42.79390735783342,-42.792418877111224,-22.90407609145,-42.79316311747232,0.32491113215446255,True,24.98593628747766,[0.],[0.],[0.],[0.],[0.],[0.],[0.],[0.],[0.],[0.],[0.],[0.],[0.],[0.],[0.],[0.],[0.],[0.],[0.],[0.],[0.],[0.],[0.],[0.],[0.],[0.],[0.],[0.],[0.],[0.],[0.45208073],[0.],0.0,0.05023119201559768,0.0,0.0,0.0
-22.904526091900003,-22.903626091000003,-42.792418877111224,-42.79093039638903,-22.90407609145,-42.79167463675013,0.2010169279195746,True,44.505088683717986,[0.],[0.],[0.],[0.],[0.],[0.],[0.],[0.],[0.],[0.],[0.],[0.],[0.],[0.],[0.],[0.],[0.],[0.],[0.],[0.],[0.],[0.],[0.],[0.],[0.],[0.],[0.],[0.],[0.],[0.],[0.27134063],[0.],0.0,0.030148958496406728,0.0,0.0,0.0
-22.904526091900003,-22.903626091000003,-42.79093039638903,-42.789441915666835,-22.90407609145,-42.79018615602793,0.14743595126449696,True,96.33552695807089,[0.],[0.],[0.],[0.],[0.],[0.],[0.],[0.],[0.],[0.],[0.],[0.],[0.],[0.],[0.],[0.],[0.],[0.],[0.],[0.],[0.],[0.],[0.],[0.],[0.],[0.],[0.],[0.],[0.],[0.],[0.17263775],[0.],0.0,0.0191819719042659,0.0,0.0,0.0
-22.904526091900003,-22.903626091000003,-42.789441915666835,-42.78795343494464,-22.90407609145,-42.78869767530574,0.22261156089842093,True,141.103850168279,[0.],[0.],[0.],[0.],[0.],[0.],[0.],[0.],[0.],[0.],[0.],[0.],[0.],[0.],[0.],[0.],[0.],[0.],[0.],[0.],[0.],[0.],[0.],[0.],[0.],[0.],[0.],[0.],[0.],[0.],[0.17263775],[0.],0.0,0.0191819719042659,0.0,0.0,0.0
-22.904526091900003,-22.903626091000003,-42.78795343494464,-42.786464954222446,-22.90407609145,-42.78720919458354,0.3519423919748057,True,157.10527160695534,[0.],[0.],[0.],[0.],[0.],[0.],[0.],[0.],[0.],[0.],[0.],[0.],[0.],[0.],[0.],[0.],[0.],[0.],[0.],[0.],[0.],[0.],[0.],[0.],[0.],[0.],[0.],[0.],[0.],[0.],[0.27134063],[0.],0.0,0.030148958496406728,0.0,0.0,0.0
-22.904526091900003,-22.903626091000003,-42.786464954222446,-42.78497647350025,-22.90407609145,-42.78572071386135,0.4946311558993728,True,164.03899890529001,[0.],[0.],[0.],[0.],[0.],[0.],[0.],[0.],[0.],[0.],[0.],[0.],[0.],[0.],[0.],[0.],[0.],[0.],[0.],[0.],[0.],[0.],[0.],[0.],[0.],[0.],[0.],[0.],[0.],[0.],[0.45208073],[0.],0.0,0.05023119201559768,0.0,0.0,0.0
-22.904526091900003,-22.903626091000003,-42.78497647350025,-42.783487992778056,-22.90407609145,-42.78423223313915,0.6418298110773231,True,167.7991473118328,[0.],[0.],[0.],[0.],[0.],[0.],[0.],[0.],[0.],[0.],[0.],[0.],[0.],[0.],[0.],[0.],[0.],[0.],[0.],[0.],[0.],[0.],[0.],[0.],[0.],[0.],[0.],[0.],[0.],[0.],[0.67002234],[0.],0.0,0.07444692630822985,0.0,0.0,0.0
-22.904526091900003,-22.903626091000003,-42.783487992778056,-42.78199951205586,-22.90407609145,-42.78274375241696,0.7910246679166171,True,170.13974968331888,[0.],[0.],[0.],[0.],[0.],[0.],[0.],[0.],[0.],[0.],[0.],[0.],[0.],[0.],[0.],[0.],[0.],[0.],[0.],[0.],[0.],[0.],[0.],[0.],[0.],[0.],[0.],[0.],[0.],[0.],[0.8516228],[0.],0.0,0.09462475511821111,0.0,0.0,0.0
-22.905426092800003,-22.904526091900003,-42.7983728,-42.79688431927781,-22.904976092350005,-42.79762855963891,0.7487553636622079,True,3.2871621138608185,[0.],[0.],[0.],[0.],[0.],[0.],[0.],[0.],[0.],[0.],[0.],[0.],[0.],[0.],[0.],[0.],[0.],[0.],[0.],[0.],[0.],[0.],[0.],[0.],[0.],[0.],[0.],[0.],[0.],[0.],[1.],[0.],0.0,0.11111111111111113,0.0,0.0,0.0
-22.905426092800003,-22.904526091900003,-42.79688431927781,-42.79539583855561,-22.904976092350005,-42.79614007891671,0.5966653463569479,True,4.127060822861829,[0.],[0.],[0.],[0.],[0.],[0.],[0.],[0.],[0.],[0.],[0.],[0.],[0.],[0.],[0.],[0.],[0.],[0.],[0.],[0.],[0.],[0.],[0.],[0.],[0.],[0.],[0.],[0.],[0.],[0.],[0.92296553],[0.],0.0,0.10255172566581226,0.0,0.0,0.0
-22.905426092800003,-22.904526091900003,-42.79539583855561,-42.79390735783342,-22.904976092350005,-42.79465159819452,0.44482936144704777,True,5.541667759872381,[0.],[0.],[0.],[0.],[0.],[0.],[0.],[0.],[0.],[0.],[0.],[0.],[0.],[0.],[0.],[0.],[0.],[0.],[0.],[0.],[0.],[0.],[0.],[0.],[0.],[0.],[0.],[0.],[0.],[0.],[0.72624013],[0.],0.0,0.08069334769623987,0.0,0.0,0.0
-22.905426092800003,-22.904526091900003,-42.79390735783342,-42.792418877111224,-22.904976092350005,-42.79316311747232,0.2936417381964879,True,8.421165009280124,[0.],[0.],[0.],[0.],[0.],[0.],[0.],[0.],[0.],[0.],[0.],[0.],[0.],[0.],[0.],[0.],[0.],[0.],[0.],[0.],[0.],[0.],[0.],[0.],[0.],[0.],[0.],[0.],[0.],[0.],[0.49014684],[0.],0.0,0.05446075954397766,0.0,0.0,0.0
-22.905426092800003,-22.904526091900003,-42.792418877111224,-42.79093039638903,-22.904976092350005,-42.79167463675013,0.14514291017988995,True,17.340708774180836,[0.],[0.],[0.],[0.],[0.],[0.],[0.],[0.],[0.],[0.],[0.],[0.],[0.],[0.],[0.],[0.],[0.],[0.],[0.],[0.],[0.],[0.],[0.],[0.],[0.],[0.],[0.],[0.],[0.],[0.],[0.29435345],[0.],0.0,0.03270593870227487,0.0,0.0,0.0
-22.905426092800003,-22.904526091900003,-42.79093039638903,-42.789441915666835,-22.904976092350005,-42.79018615602793,0.048950410653039254,True,109.2640918758078,[0.],[0.],[0.],[0.],[0.],[0.],[0.],[0.],[0.],[0.],[0.],[0.],[0.],[0.],[0.],[0.],[0.],[0.],[0.],[0.],[0.],[0.],[0.],[0.],[0.],[0.],[0.],[0.],[0.],[0.],[0.18742991],[0.],0.0,0.02082554560469514,0.0,0.0,0.0
-22.905426092800003,-22.904526091900003,-42.789441915666835,-42.78795343494464,-22.904976092350005,-42.78869767530574,0.17382320154830078,True,165.62424934806498,[0.],[0.],[0.],[0.],[0.],[0.],[0.],[0.],[0.],[0.],[0.],[0.],[0.],[0.],[0.],[0.],[0.],[0.],[0.],[0.],[0.],[0.],[0.],[0.],[0.],[0.],[0.],[0.],[0.],[0.],[0.18742991],[0.],0.0,0.02082554560469514,0.0,0.0,0.0
-22.905426092800003,-22.904526091900003,-42.78795343494464,-42.786464954222446,-22.904976092350005,-42.78720919458354,0.3232979314089702,True,172.3587400563398,[0.],[0.],[0.],[0.],[0.],[0.],[0.],[0.],[0.],[0.],[0.],[0.],[0.],[0.],[0.],[0.],[0.],[0.],[0.],[0.],[0.],[0.],[0.],[0.],[0.],[0.],[0.],[0.],[0.],[0.],[0.29435345],[0.],0.0,0.03270593870227487,0.0,0.0,0.0
-22.905426092800003,-22.904526091900003,-42.786464954222446,-42.78497647350025,-22.904976092350005,-42.78572071386135,0.47467597776239745,True,174.80829776671982,[0.],[0.],[0.],[0.],[0.],[0.],[0.],[0.],[0.],[0.],[0.],[0.],[0.],[0.],[0.],[0.],[0.],[0.],[0.],[0.],[0.],[0.],[0.],[0.],[0.],[0.],[0.],[0.],[0.],[0.],[0.49014684],[0.],0.0,0.05446075954397766,0.0,0.0,0.0
-22.905426092800003,-22.904526091900003,-42.78497647350025,-42.783487992778056,-22.904976092350005,-42.78423223313915,0.6265793641832796,True,176.07045936318787,[0.],[0.],[0.],[0.],[0.],[0.],[0.],[0.],[0.],[0.],[0.],[0.],[0.],[0.],[0.],[0.],[0.],[0.],[0.],[0.],[0.],[0.],[0.],[0.],[0.],[0.],[0.],[0.],[0.],[0.],[0.72624013],[0.],0.0,0.08069334769623987,0.0,0.0,0.0
-22.905426092800003,-22.904526091900003,-42.783487992778056,-42.78199951205586,-22.904976092350005,-42.78274375241696,0.7787007125335522,True,176.8394484421445,[0.],[0.],[0.],[0.],[0.],[0.],[0.],[0.],[0.],[0.],[0.],[0.],[0.],[0.],[0.],[0.],[0.],[0.],[0.],[0.],[0.],[0.],[0.],[0.],[0.],[0.],[0.],[0.],[0.],[0.],[0.92296553],[0.],0.0,0.10255172566581226,0.0,0.0,0.0
-22.906326093700002,-22.905426092800003,-42.7983728,-42.79688431927781,-22.90587609325,-42.79762855963891,0.7492128519812108,True,356.2284409074213,[0.],[0.],[0.],[0.],[0.],[0.],[0.],[0.],[0.],[0.],[0.],[0.],[0.],[0.],[0.],[0.],[0.],[0.],[0.],[0.],[0.],[0.],[0.],[0.],[0.],[0.],[0.],[0.],[0.],[0.],[0.92273458],[0.],0.0,0.10252606483452692,0.0,0.0,0.0
-22.906326093700002,-22.905426092800003,-42.79688431927781,-42.79539583855561,-22.90587609325,-42.79614007891671,0.5972404847366919,True,355.2657219028001,[0.],[0.],[0.],[0.],[0.],[0.],[0.],[0.],[0.],[0.],[0.],[0.],[0.],[0.],[0.],[0.],[0.],[0.],[0.],[0.],[0.],[0.],[0.],[0.],[0.],[0.],[0.],[0.],[0.],[0.],[0.8516228],[0.],0.0,0.09462475511821111,0.0,0.0,0.0
-22.906326093700002,-22.905426092800003,-42.79539583855561,-42.79390735783342,-22.90587609325,-42.79465159819452,0.4456016959436262,True,353.64577034137574,[0.],[0.],[0.],[0.],[0.],[0.],[0.],[0.],[0.],[0.],[0.],[0.],[0.],[0.],[0.],[0.],[0.],[0.],[0.],[0.],[0.],[0.],[0.],[0.],[0.],[0.],[0.],[0.],[0.],[0.],[0.67002234],[0.],0.0,0.07444692630822985,0.0,0.0,0.0
-22.906326093700002,-22.905426092800003,-42.79390735783342,-42.792418877111224,-22.90587609325,-42.79316311747232,0.2948116721629354,True,350.35643156574463,[0.],[0.],[0.],[0.],[0.],[0.],[0.],[0.],[0.],[0.],[0.],[0.],[0.],[0.],[0.],[0.],[0.],[0.],[0.],[0.],[0.],[0.],[0.],[0.],[0.],[0.],[0.],[0.],[0.],[0.],[0.45208073],[0.],0.0,0.05023119201559768,0.0,0.0,0.0
-22.906326093700002,-22.905426092800003,-42.792418877111224,-42.79093039638903,-22.90587609325,-42.79167463675013,0.14749694393702276,True,340.2832331038454,[0.],[0.],[0.],[0.],[0.],[0.],[0.],[0.],[0.],[0.],[0.],[0.],[0.],[0.],[0.],[0.],[0.],[0.],[0.],[0.],[0.],[0.],[0.],[0.],[0.],[0.],[0.],[0.],[0.],[0.],[0.27134063],[0.],0.0,0.030148958496406728,0.0,0.0,0.0
-22.906326093700002,-22.905426092800003,-42.79093039638903,-42.789441915666835,-22.90587609325,-42.79018615602793,0.055544133029653484,True,253.06455886107136,[0.],[0.],[0.],[0.],[0.],[0.],[0.],[0.],[0.],[0.],[0.],[0.],[0.],[0.],[0.],[0.],[0.],[0.],[0.],[0.],[0.],[0.],[0.],[0.],[0.],[0.],[0.],[0.],[0.],[0.],[0.17263775],[0.],0.0,0.0191819719042659,0.0,0.0,0.0
-22.906326093700002,-22.905426092800003,-42.789441915666835,-42.78795343494464,-22.90587609325,-42.78869767530574,0.17579342642964702,True,196.39265865633087,[0.],[0.],[0.],[0.],[0.],[0.],[0.],[0.],[0.],[0.],[0.],[0.],[0.],[0.],[0.],[0.],[0.],[0.],[0.],[0.],[0.],[0.],[0.],[0.],[0.],[0.],[0.],[0.],[0.],[0.],[0.17263775],[0.],0.0,0.0191819719042659,0.0,0.0,0.0
-22.906326093700002,-22.905426092800003,-42.78795343494464,-42.786464954222446,-22.90587609325,-42.78720919458354,0.3243607292105076,True,188.75394004748927,[0.],[0.],[0.],[0.],[0.],[0.],[0.],[0.],[0.],[0.],[0.],[0.],[0.],[0.],[0.],[0.],[0.],[0.],[0.],[0.],[0.],[0.],[0.],[0.],[0.],[0.],[0.],[0.],[0.],[0.],[0.27134063],[0.],0.0,0.030148958496406728,0.0,0.0,0.0
-22.906326093700002,-22.905426092800003,-42.786464954222446,-42.78497647350025,-22.90587609325,-42.78572071386135,0.4753996343492895,True,185.95366584425182,[0.],[0.],[0.],[0.],[0.],[0.],[0.],[0.],[0.],[0.],[0.],[0.],[0.],[0.],[0.],[0.],[0.],[0.],[0.],[0.],[0.],[0.],[0.],[0.],[0.],[0.],[0.],[0.],[0.],[0.],[0.45208073],[0.],0.0,0.05023119201559768,0.0,0.0,0.0
-22.906326093700002,-22.905426092800003,-42.78497647350025,-42.783487992778056,-22.90587609325,-42.78423223313915,0.6271268753784902,True,184.50792701658187,[0.],[0.],[0.],[0.],[0.],[0.],[0.],[0.],[0.],[0.],[0.],[0.],[0.],[0.],[0.],[0.],[0.],[0.],[0.],[0.],[0.],[0.],[0.],[0.],[0.],[0.],[0.],[0.],[0.],[0.],[0.67002234],[0.],0.0,0.07444692630822985,0.0,0.0,0.0
-22.906326093700002,-22.905426092800003,-42.783487992778056,-42.78199951205586,-22.90587609325,-42.78274375241696,0.7791404232111564,True,183.62638636513714,[0.],[0.],[0.],[0.],[0.],[0.],[0.],[0.],[0.],[0.],[0.],[0.],[0.],[0.],[0.],[0.],[0.],[0.],[0.],[0.],[0.],[0.],[0.],[0.],[0.],[0.],[0.],[0.],[0.],[0.],[0.8516228],[0.],0.0,0.09462475511821111,0.0,0.0,0.0
-22.907226094600002,-22.906326093700002,-42.7983728,-42.79688431927781,-22.906776094150004,-42.79762855963891,0.7629124625249407,True,349.2819885619515,[0.],[0.],[0.],[0.],[0.],[0.],[0.],[0.],[0.],[0.],[0.],[0.],[0.],[0.],[0.],[0.],[0.],[0.],[0.],[0.],[0.],[0.],[0.],[0.],[0.],[0.],[0.],[0.],[0.],[0.],[0.72479011],[0.],0.0,0.08053223446197598,0.0,0.0,0.0
-22.907226094600002,-22.906326093700002,-42.79688431927781,-42.79539583855561,-22.906776094150004,-42.79614007891671,0.6143395499628813,True,346.6240407335497,[0.],[0.],[0.],[0.],[0.],[0.],[0.],[0.],[0.],[0.],[0.],[0.],[0.],[0.],[0.],[0.],[0.],[0.],[0.],[0.],[0.],[0.],[0.],[0.],[0.],[0.],[0.],[0.],[0.],[0.],[0.6688515],[0.],0.0,0.07431683364926422,0.0,0.0,0.0
-22.907226094600002,-22.906326093700002,-42.79539583855561,-42.79390735783342,-22.906776094150004,-42.79465159819452,0.4682721506251579,True,342.26877066506654,[0.],[0.],[0.],[0.],[0.],[0.],[0.],[0.],[0.],[0.],[0.],[0.],[0.],[0.],[0.],[0.],[0.],[0.],[0.],[0.],[0.],[0.],[0.],[0.],[0.],[0.],[0.],[0.],[0.],[0.],[0.52599928],[0.],0.0,0.05844436464259511,0.0,0.0,0.0
-22.907226094600002,-22.906326093700002,-42.79390735783342,-42.792418877111224,-22.906776094150004,-42.79316311747232,0.32807407501225977,True,333.992999678242,[0.],[0.],[0.],[0.],[0.],[0.],[0.],[0.],[0.],[0.],[0.],[0.],[0.],[0.],[0.],[0.],[0.],[0.],[0.],[0.],[0.],[0.],[0.],[0.],[0.],[0.],[0.],[0.],[0.],[0.],[0.35456005],[0.],0.0,0.039395561342043375,0.0,0.0,0.0
-22.907226094600002,-22.906326093700002,-42.792418877111224,-42.79093039638903,-22.906776094150004,-42.79167463675013,0.20609332254089519,True,314.18089161499074,[0.],[0.],[0.],[0.],[0.],[0.],[0.],[0.],[0.],[0.],[0.],[0.],[0.],[0.],[0.],[0.],[0.],[0.],[0.],[0.],[0.],[0.],[0.],[0.],[0.],[0.],[0.],[0.],[0.],[0.],[0.21238461],[0.],0.0,0.02359829038093911,0.0,0.0,0.0
-22.907226094600002,-22.906326093700002,-42.79093039638903,-42.789441915666835,-22.906776094150004,-42.79018615602793,0.1542866933922438,True,263.94637738594884,[0.],[0.],[0.],[0.],[0.],[0.],[0.],[0.],[0.],[0.],[0.],[0.],[0.],[0.],[0.],[0.],[0.],[0.],[0.],[0.],[0.],[0.],[0.],[0.],[0.],[0.],[0.],[0.],[0.],[0.],[0.13474205],[0.],0.0,0.014971338669751862,0.0,0.0,0.0
-22.907226094600002,-22.906326093700002,-42.789441915666835,-42.78795343494464,-22.906776094150004,-42.78869767530574,0.22720558352218373,True,220.18640380666628,[0.],[0.],[0.],[0.],[0.],[0.],[0.],[0.],[0.],[0.],[0.],[0.],[0.],[0.],[0.],[0.],[0.],[0.],[0.],[0.],[0.],[0.],[0.],[0.],[0.],[0.],[0.],[0.],[0.],[0.],[0.13474205],[0.],0.0,0.014971338669751862,0.0,0.0,0.0
-22.907226094600002,-22.906326093700002,-42.78795343494464,-42.786464954222446,-22.906776094150004,-42.78720919458354,0.35486397093929967,True,203.8517426675636,[0.],[0.],[0.],[0.],[0.],[0.],[0.],[0.],[0.],[0.],[0.],[0.],[0.],[0.],[0.],[0.],[0.],[0.],[0.],[0.],[0.],[0.],[0.],[0.],[0.],[0.],[0.],[0.],[0.],[0.],[0.21238461],[0.],0.0,0.02359829038093911,0.0,0.0,0.0
-22.907226094600002,-22.906326093700002,-42.786464954222446,-42.78497647350025,-22.906776094150004,-42.78572071386135,0.4967117532437712,True,196.6695132698434,[0.],[0.],[0.],[0.],[0.],[0.],[0.],[0.],[0.],[0.],[0.],[0.],[0.],[0.],[0.],[0.],[0.],[0.],[0.],[0.],[0.],[0.],[0.],[0.],[0.],[0.],[0.],[0.],[0.],[0.],[0.35456005],[0.],0.0,0.039395561342043375,0.0,0.0,0.0
-22.907226094600002,-22.906326093700002,-42.78497647350025,-42.783487992778056,-22.906776094150004,-42.78423223313915,0.643432017382139,True,192.75523749684115,[0.],[0.],[0.],[0.],[0.],[0.],[0.],[0.],[0.],[0.],[0.],[0.],[0.],[0.],[0.],[0.],[0.],[0.],[0.],[0.],[0.],[0.],[0.],[0.],[0.],[0.],[0.],[0.],[0.],[0.],[0.52599928],[0.],0.0,0.05844436464259511,0.0,0.0,0.0
-22.907226094600002,-22.906326093700002,-42.783487992778056,-42.78199951205586,-22.906776094150004,-42.78274375241696,0.7923225500998248,False,190.31338367340362,[0.],[0.],[0.],[0.],[0.],[0.],[0.],[0.],[0.],[0.],[0.],[0.],[0.],[0.],[0.],[0.],[0.],[0.],[0.],[0.],[0.],[0.],[0.],[0.],[0.],[0.],[0.],[0.],[0.],[0.],[0.6688515],[0.],0.0,0.07431683364926422,0.0,0.0,0.0
-22.908126095500002,-22.907226094600002,-42.7983728,-42.79688431927781,-22.90767609505,-42.79762855963891,0.7891648613052457,True,342.63899353884614,[0.],[0.],[0.],[0.],[0.],[0.],[0.],[0.],[0.],[0.],[0.],[0.],[0.],[0.],[0.],[0.],[0.],[0.],[0.],[0.],[0.],[0.],[0.],[0.],[0.],[0.],[0.],[0.],[0.],[0.],[0.48421285],[0.],0.0,0.053801427555729066,0.0,0.0,0.0
-22.908126095500002,-22.907226094600002,-42.79688431927781,-42.79539583855561,-22.90767609505,-42.79614007891671,0.6466530705589673,True,338.5569274857471,[0.],[0.],[0.],[0.],[0.],[0.],[0.],[0.],[0.],[0.],[0.],[0.],[0.],[0.],[0.],[0.],[0.],[0.],[0.],[0.],[0.],[0.],[0.],[0.],[0.],[0.],[0.],[0.],[0.],[0.],[0.44671538],[0.],0.0,0.04963504251700482,0.0,0.0,0.0
-22.908126095500002,-22.907226094600002,-42.79539583855561,-42.79390735783342,-22.90767609505,-42.79465159819452,0.5099283946546476,True,332.16040777007413,[0.],[0.],[0.],[0.],[0.],[0.],[0.],[0.],[0.],[0.],[0.],[0.],[0.],[0.],[0.],[0.],[0.],[0.],[0.],[0.],[0.],[0.],[0.],[0.],[0.],[0.],[0.],[0.],[0.],[0.],[0.3509569],[0.],0.0,0.038995211009799406,0.0,0.0,0.0
-22.908126095500002,-22.907226094600002,-42.79390735783342,-42.792418877111224,-22.90767609505,-42.79316311747232,0.3852031936080483,True,321.1364628255884,[0.],[0.],[0.],[0.],[0.],[0.],[0.],[0.],[0.],[0.],[0.],[0.],[0.],[0.],[0.],[0.],[0.],[0.],[0.],[0.],[0.],[0.],[0.],[0.],[0.],[0.],[0.],[0.],[0.],[0.],[0.23603562],[0.],0.0,0.026226179459218936,0.0,0.0,0.0
-22.908126095500002,-22.907226094600002,-42.792418877111224,-42.79093039638903,-22.90767609505,-42.79167463675013,0.28848534061697806,True,300.4709084211993,[0.],[0.],[0.],[0.],[0.],[0.],[0.],[0.],[0.],[0.],[0.],[0.],[0.],[0.],[0.],[0.],[0.],[0.],[0.],[0.],[0.],[0.],[0.],[0.],[0.],[0.],[0.],[0.],[0.],[0.],[0.1407308],[0.],0.0,0.01563675564436089,0.0,0.0,0.0
-22.908126095500002,-22.907226094600002,-42.79093039638903,-42.789441915666835,-22.90767609505,-42.79018615602793,0.2540744808803984,True,266.3263046765376,[0.],[0.],[0.],[0.],[0.],[0.],[0.],[0.],[0.],[0.],[0.],[0.],[0.],[0.],[0.],[0.],[0.],[0.],[0.],[0.],[0.],[0.],[0.],[0.],[0.],[0.],[0.],[0.],[0.],[0.],[0.08868447],[0.],0.0,0.009853829712090196,0.0,0.0,0.0
-22.908126095500002,-22.907226094600002,-42.789441915666835,-42.78795343494464,-22.90767609505,-42.78869767530574,0.3039270481870538,True,234.36804953779165,[0.],[0.],[0.],[0.],[0.],[0.],[0.],[0.],[0.],[0.],[0.],[0.],[0.],[0.],[0.],[0.],[0.],[0.],[0.],[0.],[0.],[0.],[0.],[0.],[0.],[0.],[0.],[0.],[0.],[0.],[0.08868447],[0.],0.0,0.009853829712090196,0.0,0.0,0.0
-22.908126095500002,-22.907226094600002,-42.78795343494464,-42.786464954222446,-22.90767609505,-42.78720919458354,0.40826121307770635,True,216.13984689253093,[0.],[0.],[0.],[0.],[0.],[0.],[0.],[0.],[0.],[0.],[0.],[0.],[0.],[0.],[0.],[0.],[0.],[0.],[0.],[0.],[0.],[0.],[0.],[0.],[0.],[0.],[0.],[0.],[0.],[0.],[0.1407308],[0.],0.0,0.01563675564436089,0.0,0.0,0.0
-22.908126095500002,-22.907226094600002,-42.786464954222446,-42.78497647350025,-22.90767609505,-42.78572071386135,0.5361627964319514,True,206.31618340056679,[0.],[0.],[0.],[0.],[0.],[0.],[0.],[0.],[0.],[0.],[0.],[0.],[0.],[0.],[0.],[0.],[0.],[0.],[0.],[0.],[0.],[0.],[0.],[0.],[0.],[0.],[0.],[0.],[0.],[0.],[0.23603562],[0.],0.0,0.026226179459218936,0.0,0.0,0.0
-22.908126095500002,-22.907226094600002,-42.78497647350025,-42.783487992778056,-22.90767609505,-42.78423223313915,0.6743527482939171,False,200.5010248251047,[0.],[0.],[0.],[0.],[0.],[0.],[0.],[0.],[0.],[0.],[0.],[0.],[0.],[0.],[0.],[0.],[0.],[0.],[0.],[0.],[0.],[0.],[0.],[0.],[0.],[0.],[0.],[0.],[0.],[0.],[0.3509569],[0.],0.0,0.038995211009799406,0.0,0.0,0.0
-22.908126095500002,-22.907226094600002,-42.783487992778056,-42.78199951205586,-22.90767609505,-42.78274375241696,0.8176310125265576,False,196.72905417291676,[0.],[0.],[0.],[0.],[0.],[0.],[0.],[0.],[0.],[0.],[0.],[0.],[0.],[0.],[0.],[0.],[0.],[0.],[0.],[0.],[0.],[0.],[0.],[0.],[0.],[0.],[0.],[0.],[0.],[0.],[0.44671538],[0.],0.0,0.04963504251700482,0.0,0.0,0.0
-22.9090260964,-22.908126095500002,-42.7983728,-42.79688431927781,-22.908576095950004,-42.79762855963891,0.8267751545028931,False,336.4432817517994,[0.],[0.],[0.],[0.],[0.],[0.],[0.],[0.],[0.],[0.],[0.],[0.],[0.],[0.],[0.],[0.],[0.],[0.],[0.],[0.],[0.],[0.],[0.],[0.],[0.],[0.],[0.],[0.],[0.],[0.],[0.27451404],[0.],0.0,0.030501559590902227,0.0,0.0,0.0
-22.9090260964,-22.908126095500002,-42.79688431927781,-42.79539583855561,-22.908576095950004,-42.79614007891671,0.6920531263227139,True,331.28888728711837,[0.],[0.],[0.],[0.],[0.],[0.],[0.],[0.],[0.],[0.],[0.],[0.],[0.],[0.],[0.],[0.],[0.],[0.],[0.],[0.],[0.],[0.],[0.],[0.],[0.],[0.],[0.],[0.],[0.],[0.],[0.25309076],[0.],0.0,0.028121196095006858,0.0,0.0,0.0
-22.9090260964,-22.908126095500002,-42.79539583855561,-42.79390735783342,-22.908576095950004,-42.79465159819452,0.5663968161103926,True,323.62813685813046,[0.],[0.],[0.],[0.],[0.],[0.],[0.],[0.],[0.],[0.],[0.],[0.],[0.],[0.],[0.],[0.],[0.],[0.],[0.],[0.],[0.],[0.],[0.],[0.],[0.],[0.],[0.],[0.],[0.],[0.],[0.19838147],[0.],0.0,0.022042385258554714,0.0,0.0,0.0
-22.9090260964,-22.908126095500002,-42.79390735783342,-42.792418877111224,-22.908576095950004,-42.79316311747232,0.4573408215498187,True,311.66359279869937,[0.],[0.],[0.],[0.],[0.],[0.],[0.],[0.],[0.],[0.],[0.],[0.],[0.],[0.],[0.],[0.],[0.],[0.],[0.],[0.],[0.],[0.],[0.],[0.],[0.],[0.],[0.],[0.],[0.],[0.],[0.13272397],[0.],0.0,0.014747107386146445,0.0,0.0,0.0
-22.9090260964,-22.908126095500002,-42.792418877111224,-42.79093039638903,-22.908576095950004,-42.79167463675013,0.37947773444023614,True,292.8745959549557,[0.],[0.],[0.],[0.],[0.],[0.],[0.],[0.],[0.],[0.],[0.],[0.],[0.],[0.],[0.],[0.],[0.],[0.],[0.],[0.],[0.],[0.],[0.],[0.],[0.],[0.],[0.],[0.],[0.],[0.],[0.07827386],[0.],0.0,0.008697095767640009,0.0,0.0,0.0
-22.9090260964,-22.908126095500002,-42.79093039638903,-42.789441915666835,-22.908576095950004,-42.79018615602793,0.3540247518811346,True,267.3639619934606,[0.],[0.],[0.],[0.],[0.],[0.],[0.],[0.],[0.],[0.],[0.],[0.],[0.],[0.],[0.],[0.],[0.],[0.],[0.],[0.],[0.],[0.],[0.],[0.],[0.],[0.],[0.],[0.],[0.],[0.],[0.04853845],[0.],0.0,0.005393160663058604,0.0,0.0,0.0
-22.9090260964,-22.908126095500002,-42.789441915666835,-42.78795343494464,-22.908576095950004,-42.78869767530574,0.3913453067104329,True,242.7980054314924,[0.],[0.],[0.],[0.],[0.],[0.],[0.],[0.],[0.],[0.],[0.],[0.],[0.],[0.],[0.],[0.],[0.],[0.],[0.],[0.],[0.],[0.],[0.],[0.],[0.],[0.],[0.],[0.],[0.],[0.],[0.04853845],[0.],0.0,0.005393160663058604,0.0,0.0,0.0
-22.9090260964,-22.908126095500002,-42.78795343494464,-42.786464954222446,-22.908576095950004,-42.78720919458354,0.4769237081052659,True,225.52300373073535,[0.],[0.],[0.],[0.],[0.],[0.],[0.],[0.],[0.],[0.],[0.],[0.],[0.],[0.],[0.],[0.],[0.],[0.],[0.],[0.],[0.],[0.],[0.],[0.],[0.],[0.],[0.],[0.],[0.],[0.],[0.07827386],[0.],0.0,0.008697095767640009,0.0,0.0,0.0
-22.9090260964,-22.908126095500002,-42.786464954222446,-42.78497647350025,-22.908576095950004,-42.78572071386135,0.590126043944354,False,214.59519692831958,[0.],[0.],[0.],[0.],[0.],[0.],[0.],[0.],[0.],[0.],[0.],[0.],[0.],[0.],[0.],[0.],[0.],[0.],[0.],[0.],[0.],[0.],[0.],[0.],[0.],[0.],[0.],[0.],[0.],[0.],[0.13272397],[0.],0.0,0.014747107386146445,0.0,0.0,0.0
-22.9090260964,-22.908126095500002,-42.78497647350025,-42.783487992778056,-22.908576095950004,-42.78423223313915,0.7180032884601618,False,207.53920938495625,[0.],[0.],[0.],[0.],[0.],[0.],[0.],[0.],[0.],[0.],[0.],[0.],[0.],[0.],[0.],[0.],[0.],[0.],[0.],[0.],[0.],[0.],[0.],[0.],[0.],[0.],[0.],[0.],[0.],[0.],[0.19838147],[0.],0.0,0.022042385258554714,0.0,0.0,0.0
-22.9090260964,-22.908126095500002,-42.783487992778056,-42.78199951205586,-22.908576095950004,-42.78274375241696,0.8539883762835948,False,202.74159278939254,[0.],[0.],[0.],[0.],[0.],[0.],[0.],[0.],[0.],[0.],[0.],[0.],[0.],[0.],[0.],[0.],[0.],[0.],[0.],[0.],[0.],[0.],[0.],[0.],[0.],[0.],[0.],[0.],[0.],[0.],[0.25309076],[0.],0.0,0.028121196095006858,0.0,0.0,0.0
-22.9099260973,-22.9090260964,-42.7983728,-42.79688431927781,-22.90947609685,-42.79762855963891,0.874278764941998,False,330.7797005672341,[0.],[0.],[0.],[0.],[0.],[0.],[0.],[0.],[0.],[0.],[0.],[0.],[0.],[0.],[0.],[0.],[0.],[0.],[0.],[0.],[0.],[0.],[0.],[0.],[0.],[0.],[0.],[0.],[0.],[0.],[0.1313775],[0.],0.0,0.014597499982599012,0.0,0.0,0.0
-22.9099260973,-22.9090260964,-42.79688431927781,-42.79539583855561,-22.90947609685,-42.79614007891671,0.7481611394728213,True,324.90393924716363,[0.],[0.],[0.],[0.],[0.],[0.],[0.],[0.],[0.],[0.],[0.],[0.],[0.],[0.],[0.],[0.],[0.],[0.],[0.],[0.],[0.],[0.],[0.],[0.],[0.],[0.],[0.],[0.],[0.],[0.],[0.12092618],[0.],0.0,0.013436241810465314,0.0,0.0,0.0
-22.9099260973,-22.9090260964,-42.79539583855561,-42.79390735783342,-22.90947609685,-42.79465159819452,0.6337301980539141,True,316.6231451380807,[0.],[0.],[0.],[0.],[0.],[0.],[0.],[0.],[0.],[0.],[0.],[0.],[0.],[0.],[0.],[0.],[0.],[0.],[0.],[0.],[0.],[0.],[0.],[0.],[0.],[0.],[0.],[0.],[0.],[0.],[0.0942363],[0.],0.0,0.010470699458275242,0.0,0.0,0.0
-22.9099260973,-22.9090260964,-42.79390735783342,-42.792418877111224,-22.90947609685,-42.79316311747232,0.5384886059749,True,304.744741925991,[0.],[0.],[0.],[0.],[0.],[0.],[0.],[0.],[0.],[0.],[0.],[0.],[0.],[0.],[0.],[0.],[0.],[0.],[0.],[0.],[0.],[0.],[0.],[0.],[0.],[0.],[0.],[0.],[0.],[0.],[0.06220534],[0.],0.0,0.006911704766108015,0.0,0.0,0.0
-22.9099260973,-22.9090260964,-42.792418877111224,-42.79093039638903,-22.90947609685,-42.79167463675013,0.47414463526493417,True,288.2035078833895,[0.],[0.],[0.],[0.],[0.],[0.],[0.],[0.],[0.],[0.],[0.],[0.],[0.],[0.],[0.],[0.],[0.],[0.],[0.],[0.],[0.],[0.],[0.],[0.],[0.],[0.],[0.],[0.],[0.],[0.],[0.03564191],[0.],0.0,0.003960212086267645,0.0,0.0,0.0
-22.9099260973,-22.9090260964,-42.79093039638903,-42.789441915666835,-22.90947609685,-42.79018615602793,0.4540302116457094,True,267.94473540667684,[0.],[0.],[0.],[0.],[0.],[0.],[0.],[0.],[0.],[0.],[0.],[0.],[0.],[0.],[0.],[0.],[0.],[0.],[0.],[0.],[0.],[0.],[0.],[0.],[0.],[0.],[0.],[0.],[0.],[0.],[0.02113551],[0.],0.0,0.0023483903426513883,0.0,0.0,0.0
-22.9099260973,-22.9090260964,-42.789441915666835,-42.78795343494464,-22.90947609685,-42.78869767530574,0.48369502021107014,True,248.16776757144515,[0.],[0.],[0.],[0.],[0.],[0.],[0.],[0.],[0.],[0.],[0.],[0.],[0.],[0.],[0.],[0.],[0.],[0.],[0.],[0.],[0.],[0.],[0.],[0.],[0.],[0.],[0.],[0.],[0.],[0.],[0.02113551],[0.],0.0,0.0023483903426513883,0.0,0.0,0.0
-22.9099260973,-22.9090260964,-42.78795343494464,-42.786464954222446,-22.90947609685,-42.78720919458354,0.5552165826215643,False,232.57093644810257,[0.],[0.],[0.],[0.],[0.],[0.],[0.],[0.],[0.],[0.],[0.],[0.],[0.],[0.],[0.],[0.],[0.],[0.],[0.],[0.],[0.],[0.],[0.],[0.],[0.],[0.],[0.],[0.],[0.],[0.],[0.03564191],[0.],0.0,0.003960212086267645,0.0,0.0,0.0
-22.9099260973,-22.9090260964,-42.786464954222446,-42.78497647350025,-22.90947609685,-42.78572071386135,0.6550245615250787,False,221.50490428407545,[0.],[0.],[0.],[0.],[0.],[0.],[0.],[0.],[0.],[0.],[0.],[0.],[0.],[0.],[0.],[0.],[0.],[0.],[0.],[0.],[0.],[0.],[0.],[0.],[0.],[0.],[0.],[0.],[0.],[0.],[0.06220534],[0.],0.0,0.006911704766108015,0.0,0.0,0.0
-22.9099260973,-22.9090260964,-42.78497647350025,-42.783487992778056,-22.90947609685,-42.78423223313915,0.7722279717260706,False,213.78130409470046,[0.],[0.],[0.],[0.],[0.],[0.],[0.],[0.],[0.],[0.],[0.],[0.],[0.],[0.],[0.],[0.],[0.],[0.],[0.],[0.],[0.],[0.],[0.],[0.],[0.],[0.],[0.],[0.],[0.],[0.],[0.0942363],[0.],0.0,0.010470699458275242,0.0,0.0,0.0
-22.9099260973,-22.9090260964,-42.783487992778056,-42.78199951205586,-22.90947609685,-42.78274375241696,0.9000566904051774,False,208.2694687499398,[0.],[0.],[0.],[0.],[0.],[0.],[0.],[0.],[0.],[0.],[0.],[0.],[0.],[0.],[0.],[0.],[0.],[0.],[0.],[0.],[0.],[0.],[0.],[0.],[0.],[0.],[0.],[0.],[0.],[0.],[0.12092618],[0.],0.0,0.013436241810465314,0.0,0.0,0.0
-22.9108260982,-22.9099260973,-42.7983728,-42.79688431927781,-22.910376097750003,-42.79762855963891,0.9301611615712398,False,325.6785545909927,[0.],[0.],[0.],[0.],[0.],[0.],[0.],[0.],[0.],[0.],[0.],[0.],[0.],[0.],[0.],[0.],[0.],[0.],[0.],[0.],[0.],[0.],[0.],[0.],[0.],[0.],[0.],[0.],[0.],[0.],[0.05298788],[0.],0.0,0.0058875424888033875,0.0,0.0,0.0
-22.9108260982,-22.9099260973,-42.79688431927781,-42.79539583855561,-22.910376097750003,-42.79614007891671,0.8127624970168027,False,319.3809024750344,[0.],[0.],[0.],[0.],[0.],[0.],[0.],[0.],[0.],[0.],[0.],[0.],[0.],[0.],[0.],[0.],[0.],[0.],[0.],[0.],[0.],[0.],[0.],[0.],[0.],[0.],[0.],[0.],[0.],[0.],[0.04854541],[0.],0.0,0.005393934955056413,0.0,0.0,0.0
-22.9108260982,-22.9099260973,-42.79539583855561,-42.79390735783342,-22.910376097750003,-42.79465159819452,0.7088390505272817,True,310.92853918924993,[0.],[0.],[0.],[0.],[0.],[0.],[0.],[0.],[0.],[0.],[0.],[0.],[0.],[0.],[0.],[0.],[0.],[0.],[0.],[0.],[0.],[0.],[0.],[0.],[0.],[0.],[0.],[0.],[0.],[0.],[0.03720054],[0.],0.0,0.004133393516629213,0.0,0.0,0.0
-22.9108260982,-22.9099260973,-42.79390735783342,-42.792418877111224,-22.910376097750003,-42.79316311747232,0.6251476269598937,True,299.60807581806284,[0.],[0.],[0.],[0.],[0.],[0.],[0.],[0.],[0.],[0.],[0.],[0.],[0.],[0.],[0.],[0.],[0.],[0.],[0.],[0.],[0.],[0.],[0.],[0.],[0.],[0.],[0.],[0.],[0.],[0.],[0.02358538],[0.],0.0,0.002620597624401909,0.0,0.0,0.0
-22.9108260982,-22.9099260973,-42.792418877111224,-42.79093039638903,-22.910376097750003,-42.79167463675013,0.5706602705600996,True,285.07921820165626,[0.],[0.],[0.],[0.],[0.],[0.],[0.],[0.],[0.],[0.],[0.],[0.],[0.],[0.],[0.],[0.],[0.],[0.],[0.],[0.],[0.],[0.],[0.],[0.],[0.],[0.],[0.],[0.],[0.],[0.],[0.01229425],[0.],0.0,0.0013660281776341938,0.0,0.0,0.0
-22.9108260982,-22.9099260973,-42.79093039638903,-42.789441915666835,-22.910376097750003,-42.79018615602793,0.5540609770262233,True,268.31585985830617,[0.],[0.],[0.],[0.],[0.],[0.],[0.],[0.],[0.],[0.],[0.],[0.],[0.],[0.],[0.],[0.],[0.],[0.],[0.],[0.],[0.],[0.],[0.],[0.],[0.],[0.],[0.],[0.],[0.],[0.],[0.00612813],[0.],0.0,0.0006809028757865248,0.0,0.0,0.0
-22.9108260982,-22.9099260973,-42.789441915666835,-42.78795343494464,-22.910376097750003,-42.78869767530574,0.5786197551922792,True,251.8282944462764,[0.],[0.],[0.],[0.],[0.],[0.],[0.],[0.],[0.],[0.],[0.],[0.],[0.],[0.],[0.],[0.],[0.],[0.],[0.],[0.],[0.],[0.],[0.],[0.],[0.],[0.],[0.],[0.],[0.],[0.],[0.00612813],[0.],0.0,0.0006809028757865248,0.0,0.0,0.0
-22.9108260982,-22.9099260973,-42.78795343494464,-42.786464954222446,-22.910376097750003,-42.78720919458354,0.6396130931273353,False,237.90940772398415,[0.],[0.],[0.],[0.],[0.],[0.],[0.],[0.],[0.],[0.],[0.],[0.],[0.],[0.],[0.],[0.],[0.],[0.],[0.],[0.],[0.],[0.],[0.],[0.],[0.],[0.],[0.],[0.],[0.],[0.],[0.01229425],[0.],0.0,0.0013660281776341938,0.0,0.0,0.0
-22.9108260982,-22.9099260973,-42.786464954222446,-42.78497647350025,-22.910376097750003,-42.78572071386135,0.7279394409274835,False,227.20327698476603,[0.],[0.],[0.],[0.],[0.],[0.],[0.],[0.],[0.],[0.],[0.],[0.],[0.],[0.],[0.],[0.],[0.],[0.],[0.],[0.],[0.],[0.],[0.],[0.],[0.],[0.],[0.],[0.],[0.],[0.],[0.02358538],[0.],0.0,0.002620597624401909,0.0,0.0,0.0
-22.9108260982,-22.9099260973,-42.78497647350025,-42.783487992778056,-22.910376097750003,-42.78423223313915,0.8349692110264821,False,219.23168235673606,[0.],[0.],[0.],[0.],[0.],[0.],[0.],[0.],[0.],[0.],[0.],[0.],[0.],[0.],[0.],[0.],[0.],[0.],[0.],[0.],[0.],[0.],[0.],[0.],[0.],[0.],[0.],[0.],[0.],[0.],[0.03720054],[0.],0.0,0.004133393516629213,0.0,0.0,0.0
-22.9108260982,-22.9099260973,-42.783487992778056,-42.78199951205586,-22.910376097750003,-42.78274375241696,0.9544308094320185,False,213.27899034764692,[0.],[0.],[0.],[0.],[0.],[0.],[0.],[0.],[0.],[0.],[0.],[0.],[0.],[0.],[0.],[0.],[0.],[0.],[0.],[0.],[0.],[0.],[0.],[0.],[0.],[0.],[0.],[0.],[0.],[0.],[0.04854541],[0.],0.0,0.005393934955056413,0.0,0.0,0.0
-22.9117260991,-22.9108260982,-42.7983728,-42.79688431927781,-22.91127609865,-42.79762855963891,0.9930087809795808,False,321.1291521312426,[0.],[0.],[0.],[0.],[0.],[0.],[0.],[0.],[0.],[0.],[0.],[0.],[0.],[0.],[0.],[0.],[0.],[0.],[0.],[0.],[0.],[0.],[0.],[0.],[0.],[0.],[0.],[0.],[0.],[0.],[0.02097822],[0.],0.0,0.0023309129948172348,0.0,0.0,0.0
-22.9117260991,-22.9108260982,-42.79688431927781,-42.79539583855561,-22.91127609865,-42.79614007891671,0.8839971082929557,False,314.63974687248214,[0.],[0.],[0.],[0.],[0.],[0.],[0.],[0.],[0.],[0.],[0.],[0.],[0.],[0.],[0.],[0.],[0.],[0.],[0.],[0.],[0.],[0.],[0.],[0.],[0.],[0.],[0.],[0.],[0.],[0.],[0.01898941],[0.],0.0,0.0021099343405861903,0.0,0.0,0.0
-22.9117260991,-22.9108260982,-42.79539583855561,-42.79390735783342,-22.91127609865,-42.79465159819452,0.78950735283403,True,306.2936250704492,[0.],[0.],[0.],[0.],[0.],[0.],[0.],[0.],[0.],[0.],[0.],[0.],[0.],[0.],[0.],[0.],[0.],[0.],[0.],[0.],[0.],[0.],[0.],[0.],[0.],[0.],[0.],[0.],[0.],[0.],[0.01391053],[0.],0.0,0.0015456140423289635,0.0,0.0,0.0
-22.9117260991,-22.9108260982,-42.79390735783342,-42.792418877111224,-22.91127609865,-42.79316311747232,0.7153176617701823,True,295.7015249022423,[0.],[0.],[0.],[0.],[0.],[0.],[0.],[0.],[0.],[0.],[0.],[0.],[0.],[0.],[0.],[0.],[0.],[0.],[0.],[0.],[0.],[0.],[0.],[0.],[0.],[0.],[0.],[0.],[0.],[0.],[0.00781528],[0.],0.0,0.0008683642486457042,0.0,0.0,0.0
-22.9117260991,-22.9108260982,-42.792418877111224,-42.79093039638903,-22.91127609865,-42.79167463675013,0.668224048257493,True,282.85471079024467,[0.],[0.],[0.],[0.],[0.],[0.],[0.],[0.],[0.],[0.],[0.],[0.],[0.],[0.],[0.],[0.],[0.],[0.],[0.],[0.],[0.],[0.],[0.],[0.],[0.],[0.],[0.],[0.],[0.],[0.],[0.00276046],[0.],0.0,0.0003067174968596468,0.0,0.0,0.0
-22.9117260991,-22.9108260982,-42.79093039638903,-42.789441915666835,-22.91127609865,-42.79018615602793,0.6541054383440235,False,268.5734782797976,[0.],[0.],[0.],[0.],[0.],[0.],[0.],[0.],[0.],[0.],[0.],[0.],[0.],[0.],[0.],[0.],[0.],[0.],[0.],[0.],[0.],[0.],[0.],[0.],[0.],[0.],[0.],[0.],[0.],[0.],[0.],[0.],0.0,0.0,0.0,0.0,0.0
-22.9117260991,-22.9108260982,-42.789441915666835,-42.78795343494464,-22.91127609865,-42.78869767530574,0.6750340692496575,False,254.46385079391314,[0.],[0.],[0.],[0.],[0.],[0.],[0.],[0.],[0.],[0.],[0.],[0.],[0.],[0.],[0.],[0.],[0.],[0.],[0.],[0.],[0.],[0.],[0.],[0.],[0.],[0.],[0.],[0.],[0.],[0.],[0.],[0.],0.0,0.0,0.0,0.0,0.0
-22.9117260991,-22.9108260982,-42.78795343494464,-42.786464954222446,-22.91127609865,-42.78720919458354,0.7279935365075958,False,242.02697970903546,[0.],[0.],[0.],[0.],[0.],[0.],[0.],[0.],[0.],[0.],[0.],[0.],[0.],[0.],[0.],[0.],[0.],[0.],[0.],[0.],[0.],[0.],[0.],[0.],[0.],[0.],[0.],[0.],[0.],[0.],[0.00276046],[0.],0.0,0.0003067174968596468,0.0,0.0,0.0
-22.9117260991,-22.9108260982,-42.786464954222446,-42.78497647350025,-22.91127609865,-42.78572071386135,0.8066998872626752,False,231.89620807521206,[0.],[0.],[0.],[0.],[0.],[0.],[0.],[0.],[0.],[0.],[0.],[0.],[0.],[0.],[0.],[0.],[0.],[0.],[0.],[0.],[0.],[0.],[0.],[0.],[0.],[0.],[0.],[0.],[0.],[0.],[0.00781528],[0.],0.0,0.0008683642486457042,0.0,0.0,0.0
-22.9117260991,-22.9108260982,-42.78497647350025,-42.783487992778056,-22.91127609865,-42.78423223313915,0.9044563844518947,False,223.9508802791259,[0.],[0.],[0.],[0.],[0.],[0.],[0.],[0.],[0.],[0.],[0.],[0.],[0.],[0.],[0.],[0.],[0.],[0.],[0.],[0.],[0.],[0.],[0.],[0.],[0.],[0.],[0.],[0.],[0.],[0.],[0.01391053],[0.],0.0,0.0015456140423289635,0.0,0.0,0.0
-22.9117260991,-22.9108260982,-42.783487992778056,-42.78199951205586,-22.91127609865,-42.78274375241696,1.015777790156594,False,217.7738057433686,[0.],[0.],[0.],[0.],[0.],[0.],[0.],[0.],[0.],[0.],[0.],[0.],[0.],[0.],[0.],[0.],[0.],[0.],[0.],[0.],[0.],[0.],[0.],[0.],[0.],[0.],[0.],[0.],[0.],[0.],[0.01898941],[0.],0.0,0.0021099343405861903,0.0,0.0,0.0
-22.9126261,-22.9117260991,-42.7983728,-42.79688431927781,-22.912176099550003,-42.79762855963891,1.061585284681383,False,317.09516083099527,[0.],[0.],[0.],[0.],[0.],[0.],[0.],[0.],[0.],[0.],[0.],[0.],[0.],[0.],[0.],[0.],[0.],[0.],[0.],[0.],[0.],[0.],[0.],[0.],[0.],[0.],[0.],[0.],[0.],[0.],[0.02097822],[0.],0.0,0.0023309129948172348,0.0,0.0,0.0
-22.9126261,-22.9117260991,-42.79688431927781,-42.79539583855561,-22.912176099550003,-42.79614007891671,0.960390089161582,False,310.5779804368565,[0.],[0.],[0.],[0.],[0.],[0.],[0.],[0.],[0.],[0.],[0.],[0.],[0.],[0.],[0.],[0.],[0.],[0.],[0.],[0.],[0.],[0.],[0.],[0.],[0.],[0.],[0.],[0.],[0.],[0.],[0.01898941],[0.],0.0,0.0021099343405861903,0.0,0.0,0.0
-22.9126261,-22.9117260991,-42.79539583855561,-42.79390735783342,-22.912176099550003,-42.79465159819452,0.8741974295362308,False,302.4942248701997,[0.],[0.],[0.],[0.],[0.],[0.],[0.],[0.],[0.],[0.],[0.],[0.],[0.],[0.],[0.],[0.],[0.],[0.],[0.],[0.],[0.],[0.],[0.],[0.],[0.],[0.],[0.],[0.],[0.],[0.],[0.01391053],[0.],0.0,0.0015456140423289635,0.0,0.0,0.0
-22.9126261,-22.9117260991,-42.79390735783342,-42.792418877111224,-22.912176099550003,-42.79316311747232,0.8078238570429062,True,292.65662768858715,[0.],[0.],[0.],[0.],[0.],[0.],[0.],[0.],[0.],[0.],[0.],[0.],[0.],[0.],[0.],[0.],[0.],[0.],[0.],[0.],[0.],[0.],[0.],[0.],[0.],[0.],[0.],[0.],[0.],[0.],[0.00781528],[0.],0.0,0.0008683642486457042,0.0,0.0,0.0
-22.9126261,-22.9117260991,-42.792418877111224,-42.79093039638903,-22.912176099550003,-42.79167463675013,0.766435801600368,False,281.1948111269238,[0.],[0.],[0.],[0.],[0.],[0.],[0.],[0.],[0.],[0.],[0.],[0.],[0.],[0.],[0.],[0.],[0.],[0.],[0.],[0.],[0.],[0.],[0.],[0.],[0.],[0.],[0.],[0.],[0.],[0.],[0.00276046],[0.],0.0,0.0003067174968596468,0.0,0.0,0.0
-22.9126261,-22.9117260991,-42.79093039638903,-42.789441915666835,-22.912176099550003,-42.79018615602793,0.754158145028967,False,268.7627494459511,[0.],[0.],[0.],[0.],[0.],[0.],[0.],[0.],[0.],[0.],[0.],[0.],[0.],[0.],[0.],[0.],[0.],[0.],[0.],[0.],[0.],[0.],[0.],[0.],[0.],[0.],[0.],[0.],[0.],[0.],[0.],[0.],0.0,0.0,0.0,0.0,0.0
-22.9126261,-22.9117260991,-42.789441915666835,-42.78795343494464,-22.912176099550003,-42.78869767530574,0.7723803423356171,False,256.4443570874475,[0.],[0.],[0.],[0.],[0.],[0.],[0.],[0.],[0.],[0.],[0.],[0.],[0.],[0.],[0.],[0.],[0.],[0.],[0.],[0.],[0.],[0.],[0.],[0.],[0.],[0.],[0.],[0.],[0.],[0.],[0.],[0.],0.0,0.0,0.0,0.0,0.0
-22.9126261,-22.9117260991,-42.78795343494464,-42.786464954222446,-22.912176099550003,-42.78720919458354,0.8190692855377301,False,245.26850310594835,[0.],[0.],[0.],[0.],[0.],[0.],[0.],[0.],[0.],[0.],[0.],[0.],[0.],[0.],[0.],[0.],[0.],[0.],[0.],[0.],[0.],[0.],[0.],[0.],[0.],[0.],[0.],[0.],[0.],[0.],[0.00276046],[0.],0.0,0.0003067174968596468,0.0,0.0,0.0
-22.9126261,-22.9117260991,-42.786464954222446,-42.78497647350025,-22.912176099550003,-42.78572071386135,0.8897549165692035,False,235.77946059173163,[0.],[0.],[0.],[0.],[0.],[0.],[0.],[0.],[0.],[0.],[0.],[0.],[0.],[0.],[0.],[0.],[0.],[0.],[0.],[0.],[0.],[0.],[0.],[0.],[0.],[0.],[0.],[0.],[0.],[0.],[0.00781528],[0.],0.0,0.0008683642486457042,0.0,0.0,0.0
-22.9126261,-22.9117260991,-42.78497647350025,-42.783487992778056,-22.912176099550003,-42.78423223313915,0.9792544839619303,False,228.02443412015936,[0.],[0.],[0.],[0.],[0.],[0.],[0.],[0.],[0.],[0.],[0.],[0.],[0.],[0.],[0.],[0.],[0.],[0.],[0.],[0.],[0.],[0.],[0.],[0.],[0.],[0.],[0.],[0.],[0.],[0.],[0.01391053],[0.],0.0,0.0015456140423289635,0.0,0.0,0.0
-22.9126261,-22.9117260991,-42.783487992778056,-42.78199951205586,-22.912176099550003,-42.78274375241696,1.0829132434746327,False,221.78214520441836,[0.],[0.],[0.],[0.],[0.],[0.],[0.],[0.],[0.],[0.],[0.],[0.],[0.],[0.],[0.],[0.],[0.],[0.],[0.],[0.],[0.],[0.],[0.],[0.],[0.],[0.],[0.],[0.],[0.],[0.],[0.01898941],[0.],0.0,0.0021099343405861903,0.0,0.0,0.0
